value ,id
Nepal-Pradesh-1-Taplejung_1-NCP_UML-1,29479
Nepal-Pradesh-1-Taplejung_1-Nepali_Congress-2,16888
Nepal-Pradesh-1-Taplejung_1-Sanghiya_Loktantrik-3,1591
Nepal-Pradesh-1-Taplejung_1-Sanghiya_Samajbadi_Forum_Nepal-4,395
Nepal-Pradesh-1-Taplejung_1-NayaSakti-5,386
Nepal-Pradesh-1-Taplejung_1-Rastriya_Janamukti_Party-6,323
Nepal-Pradesh-1-Taplejung_1-Unified_RPP_Rastrabadi-7,241
Nepal-Pradesh-1-Taplejung_1-Mangol_National_Org-8,42
Nepal-Pradesh-1-Panchthar_1-NCP_UML-1,38641
Nepal-Pradesh-1-Panchthar_1-Nepali_Congress-2,28025
Nepal-Pradesh-1-Panchthar_1-Sanghiya_Samajbadi_Forum_Nepal-3,1994
Nepal-Pradesh-1-Panchthar_1-Sanghiya_Loktantrik-4,1593
Nepal-Pradesh-1-Panchthar_1-NCP_Maale-5,890
Nepal-Pradesh-1-Panchthar_1-Rastriya_Janamukti_Party-6,418
Nepal-Pradesh-1-Panchthar_1-Unified_RPP_Rastrabadi-7,295
Nepal-Pradesh-1-Panchthar_1-Mangol_National_Org-8,194
Nepal-Pradesh-1-Panchthar_1-NayaSakti-9,132
Nepal-Pradesh-1-Ilam_1-NCP_UML-1,36805
Nepal-Pradesh-1-Ilam_1-Nepali_Congress-2,19638
Nepal-Pradesh-1-Ilam_1-Sanghiya_Samajbadi_Forum_Nepal-3,2059
Nepal-Pradesh-1-Ilam_1-Mangol_National_Org-4,1710
Nepal-Pradesh-1-Ilam_1-Bibeksheel_Sajha-5,830
Nepal-Pradesh-1-Ilam_1-Sanghiya_Loktantrik-6,471
Nepal-Pradesh-1-Ilam_1-NayaSakti-7,430
Nepal-Pradesh-1-Ilam_1-Rastriya_Janamukti_Party-8,171
Nepal-Pradesh-1-Ilam_2-NCP_UML-1,36517
Nepal-Pradesh-1-Ilam_2-Nepali_Congress-2,26865
Nepal-Pradesh-1-Ilam_2-Sanghiya_Loktantrik-3,1761
Nepal-Pradesh-1-Ilam_2-Rastriya_Janamukti_Party-4,1308
Nepal-Pradesh-1-Ilam_2-Sanghiya_Samajbadi_Forum_Nepal-5,1106
Nepal-Pradesh-1-Ilam_2-Mangol_National_Org-6,427
Nepal-Pradesh-1-Ilam_2-Rastriya_Janata_Party-7,149
Nepal-Pradesh-1-Ilam_2-NayaSakti-8,95
Nepal-Pradesh-1-Ilam_2-Deshbhakta_Ganatantrik_Morcha-9,91
Nepal-Pradesh-1-Ilam_2-Rastriya_Janamorcha-10,70
Nepal-Pradesh-1-Jhapa_1-NCP_Maobadi-1,36173
Nepal-Pradesh-1-Jhapa_1-Nepali_Congress-2,33310
Nepal-Pradesh-1-Jhapa_1-Mangol_National_Org-3,1389
Nepal-Pradesh-1-Jhapa_1-Sanghiya_Samajbadi_Forum_Nepal-4,1044
Nepal-Pradesh-1-Jhapa_1-Sanghiya_Loktantrik-5,904
Nepal-Pradesh-1-Jhapa_1-Unified_RPP_Rastrabadi-6,370
Nepal-Pradesh-1-Jhapa_1-Rastriya_Janamukti_Party-7,113
Nepal-Pradesh-1-Jhapa_2-NCP_UML-1,45817
Nepal-Pradesh-1-Jhapa_2-Nepali_Congress-2,32050
Nepal-Pradesh-1-Jhapa_2-Bibeksheel_Sajha-3,1105
Nepal-Pradesh-1-Jhapa_2-Sanghiya_Loktantrik-4,608
Nepal-Pradesh-1-Jhapa_2-Mangol_National_Org-5,558
Nepal-Pradesh-1-Jhapa_2-Rastriya_Janamukti_Party-6,531
Nepal-Pradesh-1-Jhapa_2-Unified_RPP_Rastrabadi-7,416
Nepal-Pradesh-1-Jhapa_2-NayaSakti-8,324
Nepal-Pradesh-1-Jhapa_2-Rastriya_Janata_Party-9,272
Nepal-Pradesh-1-Jhapa_2-Deshbhakta_Ganatantrik_Morcha-10,166
Nepal-Pradesh-1-Jhapa_2-Nepal_Janata_Party-11,110
Nepal-Pradesh-1-Jhapa_3-RPP-1,44614
Nepal-Pradesh-1-Jhapa_3-Nepali_Congress-2,31171
Nepal-Pradesh-1-Jhapa_3-NCP_Maale-3,1306
Nepal-Pradesh-1-Jhapa_3-Rastriya_Janata_Party-4,378
Nepal-Pradesh-1-Jhapa_3-Mangol_National_Org-5,299
Nepal-Pradesh-1-Jhapa_3-Unified_RPP_Rastrabadi-6,224
Nepal-Pradesh-1-Jhapa_3-Independent-7,192
Nepal-Pradesh-1-Jhapa_3-Nepal_Janata_Party-8,188
Nepal-Pradesh-1-Jhapa_3-Rastriya_Janamukti_Party-9,161
Nepal-Pradesh-1-Jhapa_3-Bibeksheel_Sajha-10,153
Nepal-Pradesh-1-Jhapa_3-Sanghiya_Loktantrik-11,143
Nepal-Pradesh-1-Jhapa_3-Rastriya_Janamorcha-12,103
Nepal-Pradesh-1-Jhapa_4-NCP_UML-1,43515
Nepal-Pradesh-1-Jhapa_4-Nepali_Congress-2,26822
Nepal-Pradesh-1-Jhapa_4-Sanghiya_Loktantrik-3,1132
Nepal-Pradesh-1-Jhapa_4-Bibeksheel_Sajha-4,665
Nepal-Pradesh-1-Jhapa_4-Sanghiya_Samajbadi_Forum_Nepal-5,472
Nepal-Pradesh-1-Jhapa_4-Unified_RPP_Rastrabadi-6,332
Nepal-Pradesh-1-Jhapa_4-Rastriya_Janamukti_Party-7,288
Nepal-Pradesh-1-Jhapa_4-Deshbhakta_Ganatantrik_Morcha-8,151
Nepal-Pradesh-1-Jhapa_4-Mangol_National_Org-9,94
Nepal-Pradesh-1-Jhapa_4-Green_Party-10,90
Nepal-Pradesh-1-Jhapa_4-Independent-11,37
Nepal-Pradesh-1-Jhapa_4-Independent-12,18
Nepal-Pradesh-1-Jhapa_4-Independent-13,13
Nepal-Pradesh-1-Jhapa_5-NCP_UML-1,57139
Nepal-Pradesh-1-Jhapa_5-Nepali_Congress-2,28297
Nepal-Pradesh-1-Jhapa_5-Sanghiya_Samajbadi_Forum_Nepal-3,1915
Nepal-Pradesh-1-Jhapa_5-Sanghiya_Loktantrik-4,1380
Nepal-Pradesh-1-Jhapa_5-NCP_Maale-5,642
Nepal-Pradesh-1-Jhapa_5-Bibeksheel_Sajha-6,611
Nepal-Pradesh-1-Jhapa_5-Rastriya_Janamukti_Party-7,519
Nepal-Pradesh-1-Jhapa_5-NayaSakti-8,296
Nepal-Pradesh-1-Jhapa_5-Unified_RPP_Rastrabadi-9,257
Nepal-Pradesh-1-Jhapa_5-Mangol_National_Org-10,116
Nepal-Pradesh-1-Jhapa_5-Deshbhakta_Ganatantrik_Morcha-11,99
Nepal-Pradesh-1-Jhapa_5-Independent-12,55
Nepal-Pradesh-1-Jhapa_5-Independent-13,13
Nepal-Pradesh-1-Jhapa_5-Independent-14,6
Nepal-Pradesh-1-Sankhuwasabha_1-NCP_UML-1,32769
Nepal-Pradesh-1-Sankhuwasabha_1-Nepali_Congress-2,31639
Nepal-Pradesh-1-Sankhuwasabha_1-Sanghiya_Samajbadi_Forum_Nepal-3,587
Nepal-Pradesh-1-Sankhuwasabha_1-NayaSakti-4,230
Nepal-Pradesh-1-Sankhuwasabha_1-Sanghiya_Loktantrik-5,191
Nepal-Pradesh-1-Sankhuwasabha_1-Rastriya_Janamukti_Party-6,168
Nepal-Pradesh-1-Sankhuwasabha_1-Mangol_National_Org-7,125
Nepal-Pradesh-1-Sankhuwasabha_1-Unified_RPP_Rastrabadi-8,117
Nepal-Pradesh-1-Sankhuwasabha_1-Rastriya_Janata_Party-9,87
Nepal-Pradesh-1-Sankhuwasabha_1-Green_Party-10,37
Nepal-Pradesh-1-Sankhuwasabha_1-Independent-11,17
Nepal-Pradesh-1-Terhathum_1-NCP_UML-1,21335
Nepal-Pradesh-1-Terhathum_1-Nepali_Congress-2,19314
Nepal-Pradesh-1-Terhathum_1-Sanghiya_Loktantrik-3,910
Nepal-Pradesh-1-Terhathum_1-NayaSakti-4,170
Nepal-Pradesh-1-Terhathum_1-Sanghiya_Samajbadi_Forum_Nepal-5,156
Nepal-Pradesh-1-Terhathum_1-NCP_Maale-6,145
Nepal-Pradesh-1-Terhathum_1-Rastriya_Janamukti_Party-7,97
Nepal-Pradesh-1-Terhathum_1-Deshbhakta_Ganatantrik_Morcha-8,50
Nepal-Pradesh-1-Terhathum_1-Unified_RPP_Rastrabadi-9,46
Nepal-Pradesh-1-Terhathum_1-Mangol_National_Org-10,45
Nepal-Pradesh-1-Terhathum_1-Rastriya_Janamorcha-11,33
Nepal-Pradesh-1-Bhojpur_1-NCP_Maobadi-1,34394
Nepal-Pradesh-1-Bhojpur_1-Nepali_Congress-2,21696
Nepal-Pradesh-1-Bhojpur_1-NCP_Maale-3,2601
Nepal-Pradesh-1-Bhojpur_1-Deshbhakta_Ganatantrik_Morcha-4,480
Nepal-Pradesh-1-Bhojpur_1-Mangol_National_Org-5,480
Nepal-Pradesh-1-Bhojpur_1-NayaSakti-6,335
Nepal-Pradesh-1-Bhojpur_1-Rastriya_Janata_Party-7,303
Nepal-Pradesh-1-Bhojpur_1-Sanghiya_Loktantrik-8,135
Nepal-Pradesh-1-Dhankuta_1-NCP_UML-1,37333
Nepal-Pradesh-1-Dhankuta_1-RPP_Democratic-2,26874
Nepal-Pradesh-1-Dhankuta_1-Unified_RPP_Rastrabadi-3,1390
Nepal-Pradesh-1-Dhankuta_1-Sanghiya_Loktantrik-4,726
Nepal-Pradesh-1-Dhankuta_1-Rastriya_Janamukti_Party-5,147
Nepal-Pradesh-1-Dhankuta_1-Mangol_National_Org-6,94
Nepal-Pradesh-1-Morang_1-NCP_UML-1,37524
Nepal-Pradesh-1-Morang_1-Nepali_Congress-2,31436
Nepal-Pradesh-1-Morang_1-Sanghiya_Loktantrik-3,1152
Nepal-Pradesh-1-Morang_1-Sanghiya_Samajbadi_Forum_Nepal-4,623
Nepal-Pradesh-1-Morang_1-Rastriya_Janamukti_Party-5,197
Nepal-Pradesh-1-Morang_1-Mangol_National_Org-6,183
Nepal-Pradesh-1-Morang_1-NayaSakti-7,122
Nepal-Pradesh-1-Morang_1-Independent-8,92
Nepal-Pradesh-1-Morang_1-Nepal_Sanghiya_Samajbadi_Party-9,81
Nepal-Pradesh-1-Morang_1-Independent-10,17
Nepal-Pradesh-1-Morang_2-Nepali_Congress-1,35819
Nepal-Pradesh-1-Morang_2-NCP_UML-2,34014
Nepal-Pradesh-1-Morang_2-Sanghiya_Samajbadi_Forum_Nepal-3,2595
Nepal-Pradesh-1-Morang_2-Rastriya_Janata_Party-4,2082
Nepal-Pradesh-1-Morang_2-Sanghiya_Loktantrik-5,293
Nepal-Pradesh-1-Morang_2-Nepal_Janata_Party-6,280
Nepal-Pradesh-1-Morang_2-NayaSakti-7,249
Nepal-Pradesh-1-Morang_2-Unified_RPP_Rastrabadi-8,210
Nepal-Pradesh-1-Morang_2-Deshbhakta_Ganatantrik_Morcha-9,98
Nepal-Pradesh-1-Morang_2-Rastriya_Janamorcha-10,93
Nepal-Pradesh-1-Morang_2-Nepal_Majdur_Kisaan_Party-11,42
Nepal-Pradesh-1-Morang_2-Independent-12,14
Nepal-Pradesh-1-Morang_3-NCP_UML-1,42413
Nepal-Pradesh-1-Morang_3-Nepali_Congress-2,40506
Nepal-Pradesh-1-Morang_3-NCP_Maale-3,1338
Nepal-Pradesh-1-Morang_3-Sanghiya_Loktantrik-4,1013
Nepal-Pradesh-1-Morang_3-Sanghiya_Samajbadi_Forum_Nepal-5,974
Nepal-Pradesh-1-Morang_3-Mangol_National_Org-6,417
Nepal-Pradesh-1-Morang_3-Deshbhakta_Ganatantrik_Morcha-7,393
Nepal-Pradesh-1-Morang_3-Rastriya_Janata_Party-8,268
Nepal-Pradesh-1-Morang_3-Rastriya_Janamorcha-9,65
Nepal-Pradesh-1-Morang_3-Independent-10,19
Nepal-Pradesh-1-Morang_3-Nepal_Majdur_Kisaan_Party-11,17
Nepal-Pradesh-1-Morang_3-Independent-12,10
Nepal-Pradesh-1-Morang_3-Independent-13,10
Nepal-Pradesh-1-Morang_4-NCP_Maobadi-1,33529
Nepal-Pradesh-1-Morang_4-Nepali_Congress-2,26800
Nepal-Pradesh-1-Morang_4-Rastriya_Janata_Party-3,3401
Nepal-Pradesh-1-Morang_4-Unified_RPP_Rastrabadi-4,1050
Nepal-Pradesh-1-Morang_4-Bibeksheel_Sajha-5,874
Nepal-Pradesh-1-Morang_4-Deshbhakta_Ganatantrik_Morcha-6,739
Nepal-Pradesh-1-Morang_4-NayaSakti-7,264
Nepal-Pradesh-1-Morang_4-Deshbhakta_Loktantrik_Party-8,167
Nepal-Pradesh-1-Morang_4-Nepal_Majdur_Kisaan_Party-9,105
Nepal-Pradesh-1-Morang_5-NCP_Maobadi-1,22945
Nepal-Pradesh-1-Morang_5-Nepali_Congress-2,19153
Nepal-Pradesh-1-Morang_5-Sanghiya_Samajbadi_Forum_Nepal-3,18649
Nepal-Pradesh-1-Morang_5-Rastriya_Janata_Party-4,1895
Nepal-Pradesh-1-Morang_5-Unified_RPP_Rastrabadi-5,667
Nepal-Pradesh-1-Morang_5-Deshbhakta_Ganatantrik_Morcha-6,498
Nepal-Pradesh-1-Morang_5-Independent-7,122
Nepal-Pradesh-1-Morang_6-NCP_UML-1,33941
Nepal-Pradesh-1-Morang_6-Nepali_Congress-2,33266
Nepal-Pradesh-1-Morang_6-Sanghiya_Samajbadi_Forum_Nepal-3,5261
Nepal-Pradesh-1-Morang_6-Rastriya_Janata_Party-4,1118
Nepal-Pradesh-1-Morang_6-NayaSakti-5,353
Nepal-Pradesh-1-Morang_6-Unified_RPP_Rastrabadi-6,289
Nepal-Pradesh-1-Morang_6-Deshbhakta_Ganatantrik_Morcha-7,230
Nepal-Pradesh-1-Morang_6-Sanghiya_Loktantrik-8,189
Nepal-Pradesh-1-Morang_6-Mangol_National_Org-9,152
Nepal-Pradesh-1-Morang_6-Nepal_Majdur_Kisaan_Party-10,74
Nepal-Pradesh-1-Sunsari_1-NCP_UML-1,44528
Nepal-Pradesh-1-Sunsari_1-Sanghiya_Samajbadi_Forum_Nepal-2,22123
Nepal-Pradesh-1-Sunsari_1-Sanghiya_Loktantrik-3,1521
Nepal-Pradesh-1-Sunsari_1-NCP_Maale-4,1366
Nepal-Pradesh-1-Sunsari_1-NayaSakti-5,742
Nepal-Pradesh-1-Sunsari_1-Mangol_National_Org-6,687
Nepal-Pradesh-1-Sunsari_1-Deshbhakta_Ganatantrik_Morcha-7,454
Nepal-Pradesh-1-Sunsari_1-Rastriya_Janata_Party-8,435
Nepal-Pradesh-1-Sunsari_1-Rastriya_Janamukti_Party-9,431
Nepal-Pradesh-1-Sunsari_1-Unified_RPP_Rastrabadi-10,299
Nepal-Pradesh-1-Sunsari_1-Rastriya_Janamorcha-11,110
Nepal-Pradesh-1-Sunsari_1-Independent-12,54
Nepal-Pradesh-1-Sunsari_2-Nepali_Congress-1,41495
Nepal-Pradesh-1-Sunsari_2-NCP_Maobadi-2,35349
Nepal-Pradesh-1-Sunsari_2-Sanghiya_Samajbadi_Forum_Nepal-3,4834
Nepal-Pradesh-1-Sunsari_2-Rastriya_Janata_Party-4,1674
Nepal-Pradesh-1-Sunsari_2-Independent-5,759
Nepal-Pradesh-1-Sunsari_2-NayaSakti-6,650
Nepal-Pradesh-1-Sunsari_2-Sanghiya_Loktantrik-7,623
Nepal-Pradesh-1-Sunsari_2-Unified_RPP_Rastrabadi-8,573
Nepal-Pradesh-1-Sunsari_2-Mangol_National_Org-9,380
Nepal-Pradesh-1-Sunsari_2-Nepal_Sanghiya_Samajbadi_Party-10,216
Nepal-Pradesh-1-Sunsari_2-Rastriya_Janamorcha-11,167
Nepal-Pradesh-1-Sunsari_2-Independent-12,105
Nepal-Pradesh-1-Sunsari_2-Independent-13,67
Nepal-Pradesh-1-Sunsari_2-Independent-14,60
Nepal-Pradesh-1-Sunsari_2-Green_Party-15,57
Nepal-Pradesh-1-Sunsari_2-Independent-16,46
Nepal-Pradesh-1-Sunsari_3-Nepali_Congress-1,38972
Nepal-Pradesh-1-Sunsari_3-NCP_UML-2,38651
Nepal-Pradesh-1-Sunsari_3-Sanghiya_Samajbadi_Forum_Nepal-3,1854
Nepal-Pradesh-1-Sunsari_3-Independent-4,1063
Nepal-Pradesh-1-Sunsari_3-Rastriya_Janata_Party-5,465
Nepal-Pradesh-1-Sunsari_3-Rastriya_Janamukti_Party-6,165
Nepal-Pradesh-1-Sunsari_3-Green_Party-7,96
Nepal-Pradesh-1-Sunsari_3-Independent-8,75
Nepal-Pradesh-1-Sunsari_3-Independent-9,38
Nepal-Pradesh-1-Sunsari_4-Nepali_Congress-1,32347
Nepal-Pradesh-1-Sunsari_4-NCP_UML-2,25750
Nepal-Pradesh-1-Sunsari_4-Rastriya_Janata_Party-3,5020
Nepal-Pradesh-1-Sunsari_4-Nepali_Janata_Dal-4,1089
Nepal-Pradesh-1-Sunsari_4-NCP_Maale-5,1037
Nepal-Pradesh-1-Sunsari_4-Deshbhakta_Ganatantrik_Morcha-6,747
Nepal-Pradesh-1-Sunsari_4-Unified_RPP_Rastrabadi-7,678
Nepal-Pradesh-1-Sunsari_4-Nepal_Sanghiya_Samajbadi_Party-8,435
Nepal-Pradesh-1-Sunsari_4-Bibeksheel_Sajha-9,286
Nepal-Pradesh-1-Sunsari_4-NayaSakti-10,280
Nepal-Pradesh-1-Sunsari_4-Sanghiya_Loktantrik-11,216
Nepal-Pradesh-1-Sunsari_4-Independent-12,137
Nepal-Pradesh-1-Sunsari_4-Mangol_National_Org-13,135
Nepal-Pradesh-1-Sunsari_4-Independent-14,117
Nepal-Pradesh-1-Sunsari_4-Nepali_Congress_BP-15,34
Nepal-Pradesh-1-Sunsari_4-Independent-16,8
Nepal-Pradesh-1-Solukhumbu_1-NCP_Maobadi-1,20747
Nepal-Pradesh-1-Solukhumbu_1-Nepali_Congress-2,17294
Nepal-Pradesh-1-Solukhumbu_1-NayaSakti-3,826
Nepal-Pradesh-1-Solukhumbu_1-Sanghiya_Samajbadi_Forum_Nepal-4,381
Nepal-Pradesh-1-Solukhumbu_1-Rastriya_Janata_Party-5,128
Nepal-Pradesh-1-Solukhumbu_1-Mangol_National_Org-6,94
Nepal-Pradesh-1-Solukhumbu_1-Nepal_Majdur_Kisaan_Party-7,75
Nepal-Pradesh-1-Khotang_1-NCP_UML-1,37837
Nepal-Pradesh-1-Khotang_1-Nepali_Congress-2,23465
Nepal-Pradesh-1-Khotang_1-NayaSakti-3,2494
Nepal-Pradesh-1-Khotang_1-Sanghiya_Samajbadi_Forum_Nepal-4,2377
Nepal-Pradesh-1-Khotang_1-Rastriya_Janata_Party-5,252
Nepal-Pradesh-1-Khotang_1-RPP_Democratic-6,197
Nepal-Pradesh-1-Khotang_1-Unified_RPP_Rastrabadi-7,88
Nepal-Pradesh-1-Khotang_1-Rastriya_Janamukti_Party-8,78
Nepal-Pradesh-1-Khotang_1-Mangol_National_Org-9,68
Nepal-Pradesh-1-Khotang_1-Sanghiya_Loktantrik-10,49
Nepal-Pradesh-1-Okhaldhunga_1-NCP_UML-1,32580
Nepal-Pradesh-1-Okhaldhunga_1-Nepali_Congress-2,27327
Nepal-Pradesh-1-Okhaldhunga_1-NCP_Maale-3,665
Nepal-Pradesh-1-Okhaldhunga_1-Sanghiya_Samajbadi_Forum_Nepal-4,543
Nepal-Pradesh-1-Okhaldhunga_1-NayaSakti-5,234
Nepal-Pradesh-1-Okhaldhunga_1-Rastriya_Janamorcha-6,106
Nepal-Pradesh-1-Okhaldhunga_1-Deshbhakta_Ganatantrik_Morcha-7,95
Nepal-Pradesh-1-Okhaldhunga_1-Mangol_National_Org-8,74
Nepal-Pradesh-1-Okhaldhunga_1-Sanghiya_Khumbuban-9,64
Nepal-Pradesh-1-Udayapur_1-Nepali_Congress-1,33142
Nepal-Pradesh-1-Udayapur_1-NCP_UML-2,32594
Nepal-Pradesh-1-Udayapur_1-NCP_Maale-3,1295
Nepal-Pradesh-1-Udayapur_1-Sanghiya_Samajbadi_Forum_Nepal-4,1196
Nepal-Pradesh-1-Udayapur_1-NayaSakti-5,366
Nepal-Pradesh-1-Udayapur_1-Rastriya_Janata_Party-6,236
Nepal-Pradesh-1-Udayapur_1-Unified_RPP_Rastrabadi-7,155
Nepal-Pradesh-1-Udayapur_1-Deshbhakta_Ganatantrik_Morcha-8,96
Nepal-Pradesh-1-Udayapur_1-NCP_Maxist-9,90
Nepal-Pradesh-1-Udayapur_1-Sanghiya_Loktantrik-10,45
Nepal-Pradesh-1-Udayapur_2-NCP_Maobadi-1,22551
Nepal-Pradesh-1-Udayapur_2-Nepali_Congress-2,15455
Nepal-Pradesh-1-Udayapur_2-Sanghiya_Samajbadi_Forum_Nepal-3,1136
Nepal-Pradesh-1-Udayapur_2-Unified_RPP_Rastrabadi-4,292
Nepal-Pradesh-1-Udayapur_2-Mangol_National_Org-5,252
Nepal-Pradesh-1-Udayapur_2-NayaSakti-6,245
Nepal-Pradesh-1-Udayapur_2-Rastriya_Janata_Party-7,102
Nepal-Pradesh-1-Udayapur_2-Nepal_Majdur_Kisaan_Party-8,99
Nepal-Pradesh-1-Udayapur_2-NCP_Maxist-9,87
Nepal-Pradesh-2-Saptari_1-Sanghiya_Samajbadi_Forum_Nepal-1,21712
Nepal-Pradesh-2-Saptari_1-NCP_Maobadi-2,18225
Nepal-Pradesh-2-Saptari_1-Nepali_Congress-3,15225
Nepal-Pradesh-2-Saptari_1-NayaSakti-4,1163
Nepal-Pradesh-2-Saptari_1-Unified_RPP_Rastrabadi-5,714
Nepal-Pradesh-2-Saptari_1-NCP_Maxist-6,412
Nepal-Pradesh-2-Saptari_1-Mangol_National_Org-7,246
Nepal-Pradesh-2-Saptari_1-Bahujan_Shakti_Party-8,163
Nepal-Pradesh-2-Saptari_1-Bibeksheel_Sajha-9,158
Nepal-Pradesh-2-Saptari_1-Independent-10,136
Nepal-Pradesh-2-Saptari_1-Independent-11,107
Nepal-Pradesh-2-Saptari_1-Independent-12,47
Nepal-Pradesh-2-Saptari_2-Sanghiya_Samajbadi_Forum_Nepal-1,21620
Nepal-Pradesh-2-Saptari_2-NCP_Maobadi-2,11580
Nepal-Pradesh-2-Saptari_2-Independent-3,9459
Nepal-Pradesh-2-Saptari_2-Nepali_Congress-4,1840
Nepal-Pradesh-2-Saptari_2-NCP_Maale-5,1465
Nepal-Pradesh-2-Saptari_2-Unified_RPP_Rastrabadi-6,373
Nepal-Pradesh-2-Saptari_2-Deshbhakta_Loktantrik_Party-7,216
Nepal-Pradesh-2-Saptari_2-Rastriya_Shivasena_Party-8,137
Nepal-Pradesh-2-Saptari_2-Independent-9,123
Nepal-Pradesh-2-Saptari_2-Independent-10,92
Nepal-Pradesh-2-Saptari_2-Independent-11,77
Nepal-Pradesh-2-Saptari_2-Independent-12,73
Nepal-Pradesh-2-Saptari_2-Bahujan_Shakti_Party-13,67
Nepal-Pradesh-2-Saptari_2-Independent-14,62
Nepal-Pradesh-2-Saptari_2-Nepal_Majdur_Kisaan_Party-15,45
Nepal-Pradesh-2-Saptari_2-Independent-16,42
Nepal-Pradesh-2-Saptari_2-Independent-17,26
Nepal-Pradesh-2-Saptari_3-Rastriya_Janata_Party-1,22584
Nepal-Pradesh-2-Saptari_3-Nepali_Congress-2,19401
Nepal-Pradesh-2-Saptari_3-NCP_UML-3,11188
Nepal-Pradesh-2-Saptari_3-NayaSakti-4,693
Nepal-Pradesh-2-Saptari_3-Nepal_Sanghiya_Samajbadi_Party-5,574
Nepal-Pradesh-2-Saptari_3-Unified_RPP_Rastrabadi-6,453
Nepal-Pradesh-2-Saptari_3-Deshbhakta_Loktantrik_Party-7,177
Nepal-Pradesh-2-Saptari_3-Nepal_Majdur_Kisaan_Party-8,79
Nepal-Pradesh-2-Saptari_3-Lokkalyankari_Janata_Party-9,66
Nepal-Pradesh-2-Saptari_3-Independent-10,42
Nepal-Pradesh-2-Saptari_4-Nepali_Congress-1,24113
Nepal-Pradesh-2-Saptari_4-Rastriya_Janata_Party-2,14886
Nepal-Pradesh-2-Saptari_4-NCP_UML-3,14305
Nepal-Pradesh-2-Saptari_4-Nepali_Janata_Dal-,769
Nepal-Pradesh-2-Saptari_4-Deshbhakta_Ganatantrik_Morcha-5,368
Nepal-Pradesh-2-Saptari_4-Nepal_Sanghiya_Samajbadi_Party-6,335
Nepal-Pradesh-2-Saptari_4-NayaSakti-7,334
Nepal-Pradesh-2-Saptari_4-Lokkalyankari_Janata_Party-8,117
Nepal-Pradesh-2-Saptari_4-Sanghiya_Loktantrik-9,115
Nepal-Pradesh-2-Saptari_4-NCP_Maxist-10,104
Nepal-Pradesh-2-Saptari_4-Independent-11,65
Nepal-Pradesh-2-Saptari_4-Independent-12,62
Nepal-Pradesh-2-Saptari_4-Independent-13,9
Nepal-Pradesh-2-Siraha_1-Nepali_Congress-1,23951
Nepal-Pradesh-2-Siraha_1-NCP_UML-2,21371
Nepal-Pradesh-2-Siraha_1-Sanghiya_Samajbadi_Forum_Nepal-3,13351
Nepal-Pradesh-2-Siraha_1-Bahujan_Shakti_Party-4,567
Nepal-Pradesh-2-Siraha_1-Deshbhakta_Ganatantrik_Morcha-5,314
Nepal-Pradesh-2-Siraha_1-NayaSakti-6,183
Nepal-Pradesh-2-Siraha_1-Nepal_Majdur_Kisaan_Party-7,97
Nepal-Pradesh-2-Siraha_1-Independent-8,79
Nepal-Pradesh-2-Siraha_1-Unified_RPP_Rastrabadi-9,44
Nepal-Pradesh-2-Siraha_1-Nepal_Sanghiya_Samajbadi_Party-10,42
Nepal-Pradesh-2-Siraha_1-Independent-11,42
Nepal-Pradesh-2-Siraha_1-Independent-12,40
Nepal-Pradesh-2-Siraha_1-Independent-13,34
Nepal-Pradesh-2-Siraha_1-Independent-14,30
Nepal-Pradesh-2-Siraha_2-NCP_Maobadi-1,20148
Nepal-Pradesh-2-Siraha_2-Sanghiya_Samajbadi_Forum_Nepal-2,17260
Nepal-Pradesh-2-Siraha_2-Nepali_Congress-3,15597
Nepal-Pradesh-2-Siraha_2-NCP_Maale-4,1777
Nepal-Pradesh-2-Siraha_2-Deshbhakta_Ganatantrik_Morcha-5,710
Nepal-Pradesh-2-Siraha_2-Nepal_Janata_Party-6,506
Nepal-Pradesh-2-Siraha_2-NayaSakti-7,186
Nepal-Pradesh-2-Siraha_2-Unified_RPP_Rastrabadi-8,167
Nepal-Pradesh-2-Siraha_2-Independent-9,94
Nepal-Pradesh-2-Siraha_2-Nepal_Majdur_Kisaan_Party-10,90
Nepal-Pradesh-2-Siraha_2-Independent-11,70
Nepal-Pradesh-2-Siraha_2-Sanghiya_Loktantrik-12,65
Nepal-Pradesh-2-Siraha_2-Independent-13,33
Nepal-Pradesh-2-Siraha_2-Independent-14,31
Nepal-Pradesh-2-Siraha_2-Independent-15,21
Nepal-Pradesh-2-Siraha_2-Independent-16,12
Nepal-Pradesh-2-Siraha_3-NCP_UML-1,23272
Nepal-Pradesh-2-Siraha_3-Sanghiya_Samajbadi_Forum_Nepal-2,21220
Nepal-Pradesh-2-Siraha_3-Nepali_Congress-3,11778
Nepal-Pradesh-2-Siraha_3-NCP_Maale-4,821
Nepal-Pradesh-2-Siraha_3-Nepal_Janata_Party-5,329
Nepal-Pradesh-2-Siraha_3-Unified_RPP_Rastrabadi-6,228
Nepal-Pradesh-2-Siraha_3-Dalit_Muslim_Janasakti_Party-7,142
Nepal-Pradesh-2-Siraha_3-Sanghiya_Loktantrik-8,103
Nepal-Pradesh-2-Siraha_3-Independent-9,85
Nepal-Pradesh-2-Siraha_3-Independent-10,54
Nepal-Pradesh-2-Siraha_3-Independent-11,40
Nepal-Pradesh-2-Siraha_3-Lokkalyankari_Janata_Party-12,37
Nepal-Pradesh-2-Siraha_3-Independent-13,23
Nepal-Pradesh-2-Siraha_4-Rastriya_Janata_Party-1,21144
Nepal-Pradesh-2-Siraha_4-NCP_Maobadi-2,17575
Nepal-Pradesh-2-Siraha_4-Nepali_Congress-3,10088
Nepal-Pradesh-2-Siraha_4-NCP_Maale-4,2219
Nepal-Pradesh-2-Siraha_4-Unified_RPP_Rastrabadi-5,411
Nepal-Pradesh-2-Siraha_4-Bahujan_Samaj-6,394
Nepal-Pradesh-2-Siraha_4-NayaSakti-7,283
Nepal-Pradesh-2-Siraha_4-Nepal_Sanghiya_Samajbadi_Party-8,146
Nepal-Pradesh-2-Siraha_4-Nepal_Janata_Party-9,115
Nepal-Pradesh-2-Siraha_4-Deshbhakta_Ganatantrik_Morcha-10,86
Nepal-Pradesh-2-Siraha_4-Independent-11,55
Nepal-Pradesh-2-Siraha_4-Independent-12,36
Nepal-Pradesh-2-Siraha_4-Independent-13,15
Nepal-Pradesh-2-Siraha_4-Independent-14,13
Nepal-Pradesh-2-Siraha_4-Independent-15,12
Nepal-Pradesh-2-Siraha_4-Independent-16,11
Nepal-Pradesh-2-Siraha_4-Independent-17,8
Nepal-Pradesh-2-Dhanusha_1-NCP_Maobadi-1,26418
Nepal-Pradesh-2-Dhanusha_1-Sanghiya_Samajbadi_Forum_Nepal-2,17296
Nepal-Pradesh-2-Dhanusha_1-Nepali_Congress-3,15679
Nepal-Pradesh-2-Dhanusha_1-Independent-4,3492
Nepal-Pradesh-2-Dhanusha_1-Independent-5,251
Nepal-Pradesh-2-Dhanusha_1-NayaSakti-6,235
Nepal-Pradesh-2-Dhanusha_1-Independent-7,222
Nepal-Pradesh-2-Dhanusha_1-Rastriya_Janamukti_Party-8,212
Nepal-Pradesh-2-Dhanusha_1-Dalit_Muslim_Janasakti_Party-9,205
Nepal-Pradesh-2-Dhanusha_1-Independent-10,121
Nepal-Pradesh-2-Dhanusha_1-Independent-11,112
Nepal-Pradesh-2-Dhanusha_1-Independent-12,95
Nepal-Pradesh-2-Dhanusha_1-Independent-13,94
Nepal-Pradesh-2-Dhanusha_1-Independent-14,73
Nepal-Pradesh-2-Dhanusha_1-Independent-15,66
Nepal-Pradesh-2-Dhanusha_1-Independent-16,62
Nepal-Pradesh-2-Dhanusha_1-Independent-17,43
Nepal-Pradesh-2-Dhanusha_1-Independent-18,21
Nepal-Pradesh-2-Dhanusha_2-Sanghiya_Samajbadi_Forum_Nepal-1,32044
Nepal-Pradesh-2-Dhanusha_2-NCP_Maobadi-2,18715
Nepal-Pradesh-2-Dhanusha_2-Nepali_Congress-3,15442
Nepal-Pradesh-2-Dhanusha_2-Unified_RPP_Rastrabadi-4,666
Nepal-Pradesh-2-Dhanusha_2-NayaSakti-5,307
Nepal-Pradesh-2-Dhanusha_2-Independent-6,216
Nepal-Pradesh-2-Dhanusha_2-Independent-7,209
Nepal-Pradesh-2-Dhanusha_2-Bahujan_Shakti_Party-8,155
Nepal-Pradesh-2-Dhanusha_2-Independent-9,98
Nepal-Pradesh-2-Dhanusha_2-Independent-10,73
Nepal-Pradesh-2-Dhanusha_2-Independent-11,56
Nepal-Pradesh-2-Dhanusha_2-Independent-12,42
Nepal-Pradesh-2-Dhanusha_3-Rastriya_Janata_Party-1,30750
Nepal-Pradesh-2-Dhanusha_3-Nepali_Congress-2,27847
Nepal-Pradesh-2-Dhanusha_3-NCP_Maobadi-3,2346
Nepal-Pradesh-2-Dhanusha_3-NCP_Maale-4,345
Nepal-Pradesh-2-Dhanusha_3-Unified_RPP_Rastrabadi-5,325
Nepal-Pradesh-2-Dhanusha_3-Independent-6,195
Nepal-Pradesh-2-Dhanusha_3-Rastriya_Mukti_Andolan_Nepal-7,157
Nepal-Pradesh-2-Dhanusha_3-RPP-8,93
Nepal-Pradesh-2-Dhanusha_3-Rastriya_Janamukti_Party-9,33
Nepal-Pradesh-2-Dhanusha_3-Independent-10,31
Nepal-Pradesh-2-Dhanusha_3-Independent-11,18
Nepal-Pradesh-2-Dhanusha_3-Independent-12,17
Nepal-Pradesh-2-Dhanusha_3-Independent-13,14
Nepal-Pradesh-2-Dhanusha_3-Independent-14,12
Nepal-Pradesh-2-Dhanusha_3-Independent-15,9
Nepal-Pradesh-2-Dhanusha_3-Independent-16,9
Nepal-Pradesh-2-Dhanusha_3-Independent-17,6
Nepal-Pradesh-2-Dhanusha_3-Independent-18,6
Nepal-Pradesh-2-Dhanusha_3-Independent-19,5
Nepal-Pradesh-2-Dhanusha_3-Independent-20,4
Nepal-Pradesh-2-Dhanusha_3-Independent-21,4
Nepal-Pradesh-2-Dhanusha_3-Independent-22,4
Nepal-Pradesh-2-Dhanusha_3-Independent-23,3
Nepal-Pradesh-2-Dhanusha_3-Independent-24,3
Nepal-Pradesh-2-Dhanusha_3-Independent-25,3
Nepal-Pradesh-2-Dhanusha_3-Independent-26,2
Nepal-Pradesh-2-Dhanusha_3-Independent-27,2
Nepal-Pradesh-2-Dhanusha_3-Independent-28,0
Nepal-Pradesh-2-Dhanusha_4-NCP_UML-1,22532
Nepal-Pradesh-2-Dhanusha_4-Nepali_Congress-2,19991
Nepal-Pradesh-2-Dhanusha_4-Sanghiya_Samajbadi_Forum_Nepal-3,19662
Nepal-Pradesh-2-Dhanusha_4-Deshbhakta_Loktantrik_Party-4,284
Nepal-Pradesh-2-Dhanusha_4-NCP_Maale-5,152
Nepal-Pradesh-2-Dhanusha_4-Nepal_Sanghiya_Samajbadi_Party-6,106
Nepal-Pradesh-2-Dhanusha_4-Independent-7,101
Nepal-Pradesh-2-Dhanusha_4-Independent-8,98
Nepal-Pradesh-2-Dhanusha_4-Independent-9,68
Nepal-Pradesh-2-Dhanusha_4-Independent-10,54
Nepal-Pradesh-2-Dhanusha_4-Independent-11,43
Nepal-Pradesh-2-Dhanusha_4-Independent-12,42
Nepal-Pradesh-2-Dhanusha_4-Independent-13,37
Nepal-Pradesh-2-Dhanusha_4-Independent-14,37
Nepal-Pradesh-2-Dhanusha_4-Independent-15,37
Nepal-Pradesh-2-Dhanusha_4-Rastriya_Janamukti_Party-16,31
Nepal-Pradesh-2-Dhanusha_4-Independent-17,26
Nepal-Pradesh-2-Dhanusha_4-Independent-18,23
Nepal-Pradesh-2-Dhanusha_4-Independent-19,22
Nepal-Pradesh-2-Dhanusha_4-Independent-20,21
Nepal-Pradesh-2-Dhanusha_4-Independent-21,21
Nepal-Pradesh-2-Dhanusha_4-Independent-22,21
Nepal-Pradesh-2-Dhanusha_4-Independent-23,18
Nepal-Pradesh-2-Dhanusha_4-Independent-24,18
Nepal-Pradesh-2-Dhanusha_4-Independent-25,11
Nepal-Pradesh-2-Mahottari_1-NCP_Maobadi-1,23776
Nepal-Pradesh-2-Mahottari_1-Sanghiya_Samajbadi_Forum_Nepal-2,19492
Nepal-Pradesh-2-Mahottari_1-Nepali_Congress-3,9475
Nepal-Pradesh-2-Mahottari_1-Unified_RPP_Rastrabadi-4,245
Nepal-Pradesh-2-Mahottari_1-Rastriya_Janamukti_Party-5,239
Nepal-Pradesh-2-Mahottari_1-NayaSakti-6,159
Nepal-Pradesh-2-Mahottari_1-Yuwa_Nepal_Party-7,111
Nepal-Pradesh-2-Mahottari_1-Independent-8,107
Nepal-Pradesh-2-Mahottari_1-Independent-9,78
Nepal-Pradesh-2-Mahottari_1-Independent-10,41
Nepal-Pradesh-2-Mahottari_1-Independent-11,36
Nepal-Pradesh-2-Mahottari_1-Independent-12,35
Nepal-Pradesh-2-Mahottari_2-Rastriya_Janata_Party-1,30722
Nepal-Pradesh-2-Mahottari_2-Nepali_Congress-2,13974
Nepal-Pradesh-2-Mahottari_2-NCP_Maobadi-3,3732
Nepal-Pradesh-2-Mahottari_2-NCP_Maale-4,585
Nepal-Pradesh-2-Mahottari_2-Unified_RPP_Rastrabadi-5,410
Nepal-Pradesh-2-Mahottari_2-Nepali_Janata_Dal-6,364
Nepal-Pradesh-2-Mahottari_2-NayaSakti-7,134
Nepal-Pradesh-2-Mahottari_2-Independent-8,65
Nepal-Pradesh-2-Mahottari_2-Bibeksheel_Sajha-9,54
Nepal-Pradesh-2-Mahottari_2-Yuwa_Nepal_Party-10,26
Nepal-Pradesh-2-Mahottari_2-Independent-11,24
Nepal-Pradesh-2-Mahottari_2-Independent-12,22
Nepal-Pradesh-2-Mahottari_2-Independent-13,15
Nepal-Pradesh-2-Mahottari_2-Independent-14,13
Nepal-Pradesh-2-Mahottari_2-Independent-15,11
Nepal-Pradesh-2-Mahottari_2-Independent-16,8
Nepal-Pradesh-2-Mahottari_2-Independent-17,7
Nepal-Pradesh-2-Mahottari_2-Independent-18,5
Nepal-Pradesh-2-Mahottari_3-Rastriya_Janata_Party-1,26845
Nepal-Pradesh-2-Mahottari_3-NCP_UML-2,8676
Nepal-Pradesh-2-Mahottari_3-Independent-3,4020
Nepal-Pradesh-2-Mahottari_3-Bahujan_Shakti_Party-4,1884
Nepal-Pradesh-2-Mahottari_3-Nepal_Sanghiya_Samajbadi_Party-5,1241
Nepal-Pradesh-2-Mahottari_3-NCP_Maale-6,991
Nepal-Pradesh-2-Mahottari_3-Rastriya_Janamukti_Party-7,337
Nepal-Pradesh-2-Mahottari_3-Deshbhakta_Ganatantrik_Morcha-8,289
Nepal-Pradesh-2-Mahottari_3-Independent-9,187
Nepal-Pradesh-2-Mahottari_3-Independent-10,156
Nepal-Pradesh-2-Mahottari_3-Independent-11,73
Nepal-Pradesh-2-Mahottari_3-Independent-12,58
Nepal-Pradesh-2-Mahottari_3-Independent-13,39
Nepal-Pradesh-2-Mahottari_3-Independent-14,36
Nepal-Pradesh-2-Mahottari_3-Independent-15,32
Nepal-Pradesh-2-Mahottari_3-Independent-16,31
Nepal-Pradesh-2-Mahottari_3-Independent-17,26
Nepal-Pradesh-2-Mahottari_3-Independent-18,21
Nepal-Pradesh-2-Mahottari_3-Independent-19,21
Nepal-Pradesh-2-Mahottari_3-Independent-20,9
Nepal-Pradesh-2-Mahottari_4-Sanghiya_Samajbadi_Forum_Nepal-1,18353
Nepal-Pradesh-2-Mahottari_4-Nepali_Congress-2,13025
Nepal-Pradesh-2-Mahottari_4-NCP_Maobadi-3,12945
Nepal-Pradesh-2-Mahottari_4-Independent-4,1647
Nepal-Pradesh-2-Mahottari_4-NayaSakti-5,1093
Nepal-Pradesh-2-Mahottari_4-NCP_Maale-6,899
Nepal-Pradesh-2-Mahottari_4-Bahujan_Shakti_Party-7,800
Nepal-Pradesh-2-Mahottari_4-Deshbhakta_Ganatantrik_Morcha-8,478
Nepal-Pradesh-2-Mahottari_4-Rastriya_Janamukti_Party-9,312
Nepal-Pradesh-2-Mahottari_4-Independent-10,289
Nepal-Pradesh-2-Mahottari_4-Bahujan_Samaj-11,209
Nepal-Pradesh-2-Mahottari_4-Independent-12,147
Nepal-Pradesh-2-Mahottari_4-Unified_RPP_Rastrabadi-13,121
Nepal-Pradesh-2-Mahottari_4-Independent-14,71
Nepal-Pradesh-2-Mahottari_4-Independent-15,60
Nepal-Pradesh-2-Mahottari_4-Independent-16,46
Nepal-Pradesh-2-Mahottari_4-Independent-17,33
Nepal-Pradesh-2-Mahottari_4-Independent-18,32
Nepal-Pradesh-2-Mahottari_4-Independent-19,22
Nepal-Pradesh-2-Sarlahi_1-Rastriya_Janata_Party-1,22036
Nepal-Pradesh-2-Sarlahi_1-NCP_UML-2,21465
Nepal-Pradesh-2-Sarlahi_1-Nepali_Congress-3,20075
Nepal-Pradesh-2-Sarlahi_1-NayaSakti-4,457
Nepal-Pradesh-2-Sarlahi_1-Unified_RPP_Rastrabadi-5,285
Nepal-Pradesh-2-Sarlahi_1-Independent-6,236
Nepal-Pradesh-2-Sarlahi_1-Deshbhakta_Ganatantrik_Morcha-7,213
Nepal-Pradesh-2-Sarlahi_1-Independent-8,123
Nepal-Pradesh-2-Sarlahi_1-Nepal_Majdur_Kisaan_Party-9,114
Nepal-Pradesh-2-Sarlahi_1-Independent-10,47
Nepal-Pradesh-2-Sarlahi_1-Independent-11,42
Nepal-Pradesh-2-Sarlahi_1-Independent-12,33
Nepal-Pradesh-2-Sarlahi_1-Dalit_Muslim_Janasakti_Party-13,28
Nepal-Pradesh-2-Sarlahi_1-Independent-14,28
Nepal-Pradesh-2-Sarlahi_1-Independent-15,16
Nepal-Pradesh-2-Sarlahi_1-Independent-16,14
Nepal-Pradesh-2-Sarlahi_2-Rastriya_Janata_Party-1,29191
Nepal-Pradesh-2-Sarlahi_2-Nepali_Congress-2,18976
Nepal-Pradesh-2-Sarlahi_2-NCP_Maobadi-3,8037
Nepal-Pradesh-2-Sarlahi_2-NayaSakti-4,1449
Nepal-Pradesh-2-Sarlahi_2-Unified_RPP_Rastrabadi-5,420
Nepal-Pradesh-2-Sarlahi_2-Nepal_Sanghiya_Samajbadi_Party-6,221
Nepal-Pradesh-2-Sarlahi_2-Deshbhakta_Ganatantrik_Morcha-7,204
Nepal-Pradesh-2-Sarlahi_2-Nepali_Janata_Dal-8,156
Nepal-Pradesh-2-Sarlahi_2-Independent-9,144
Nepal-Pradesh-2-Sarlahi_2-Independent-10,122
Nepal-Pradesh-2-Sarlahi_2-Rastriya_Janamorcha-11,100
Nepal-Pradesh-2-Sarlahi_2-Independent-12,93
Nepal-Pradesh-2-Sarlahi_2-Independent-13,29
Nepal-Pradesh-2-Sarlahi_2-Independent-14,22
Nepal-Pradesh-2-Sarlahi_2-Independent-15,21
Nepal-Pradesh-2-Sarlahi_2-Rastriya_Janamukti_Party-16,20
Nepal-Pradesh-2-Sarlahi_2-Independent-17,19
Nepal-Pradesh-2-Sarlahi_2-Independent-18,13
Nepal-Pradesh-2-Sarlahi_2-Independent-19,10
Nepal-Pradesh-2-Sarlahi_2-Independent-20,10
Nepal-Pradesh-2-Sarlahi_2-Independent-21,4
Nepal-Pradesh-2-Sarlahi_2-Independent-22,3
Nepal-Pradesh-2-Sarlahi_2-Independent-23,3
Nepal-Pradesh-2-Sarlahi_2-Independent-24,3
Nepal-Pradesh-2-Sarlahi_3-NCP_Maobadi-1,22367
Nepal-Pradesh-2-Sarlahi_3-Nepali_Congress-2,14929
Nepal-Pradesh-2-Sarlahi_3-Independent-3,12086
Nepal-Pradesh-2-Sarlahi_3-Sanghiya_Samajbadi_Forum_Nepal-4,10834
Nepal-Pradesh-2-Sarlahi_3-Deshbhakta_Ganatantrik_Morcha-5,1036
Nepal-Pradesh-2-Sarlahi_3-NayaSakti-6,534
Nepal-Pradesh-2-Sarlahi_3-Independent-7,472
Nepal-Pradesh-2-Sarlahi_3-Unified_RPP_Rastrabadi-8,341
Nepal-Pradesh-2-Sarlahi_3-Nepal_Sanghiya_Samajbadi_Party-9,328
Nepal-Pradesh-2-Sarlahi_3-Independent-10,322
Nepal-Pradesh-2-Sarlahi_3-Independent-11,128
Nepal-Pradesh-2-Sarlahi_3-Liberal_Democratic-12,81
Nepal-Pradesh-2-Sarlahi_3-Independent-13,54
Nepal-Pradesh-2-Sarlahi_3-Independent-14,51
Nepal-Pradesh-2-Sarlahi_3-Independent-15,38
Nepal-Pradesh-2-Sarlahi_3-Independent-16,37
Nepal-Pradesh-2-Sarlahi_3-Independent-17,28
Nepal-Pradesh-2-Sarlahi_3-Independent-18,27
Nepal-Pradesh-2-Sarlahi_3-Independent-19,14
Nepal-Pradesh-2-Sarlahi_4-Nepali_Congress-1,29675
Nepal-Pradesh-2-Sarlahi_4-Rastriya_Janata_Party-2,28136
Nepal-Pradesh-2-Sarlahi_4-Nepali_Janata_Dal-3,468
Nepal-Pradesh-2-Sarlahi_4-Independent-4,460
Nepal-Pradesh-2-Sarlahi_4-NayaSakti-5,213
Nepal-Pradesh-2-Sarlahi_4-Independent-6,146
Nepal-Pradesh-2-Sarlahi_4-Deshbhakta_Loktantrik_Party-7,54
Nepal-Pradesh-2-Sarlahi_4-Independent-8,51
Nepal-Pradesh-2-Sarlahi_4-Independent-9,45
Nepal-Pradesh-2-Sarlahi_4-Independent-10,16
Nepal-Pradesh-2-Sarlahi_4-Independent-11,14
Nepal-Pradesh-2-Sarlahi_4-Independent-12,13
Nepal-Pradesh-2-Sarlahi_4-Independent-13,11
Nepal-Pradesh-2-Sarlahi_4-Independent-14,6
Nepal-Pradesh-2-Sarlahi_4-Independent-15,4
Nepal-Pradesh-2-Rautahat_1-Rastriya_Janata_Party-1,21472
Nepal-Pradesh-2-Rautahat_1-Nepali_Congress-2,15874
Nepal-Pradesh-2-Rautahat_1-NCP_Maobadi-3,12331
Nepal-Pradesh-2-Rautahat_1-Independent-4,1669
Nepal-Pradesh-2-Rautahat_1-Bahujan_Shakti_Party-5,416
Nepal-Pradesh-2-Rautahat_1-Nepali_Janata_Dal-6,338
Nepal-Pradesh-2-Rautahat_1-Madhesh_Terai_Forum-7,152
Nepal-Pradesh-2-Rautahat_1-Sanghiya_Loktantrik_Tharuhat-8,121
Nepal-Pradesh-2-Rautahat_1-Nepal_Majdur_Kisaan_Party-9,85
Nepal-Pradesh-2-Rautahat_1-Independent-10,82
Nepal-Pradesh-2-Rautahat_1-NayaSakti-11,74
Nepal-Pradesh-2-Rautahat_1-Independent-12,56
Nepal-Pradesh-2-Rautahat_1-Bahujan_Samaj-13,32
Nepal-Pradesh-2-Rautahat_1-Independent-14,32
Nepal-Pradesh-2-Rautahat_1-Dalit_Muslim_Janasakti_Party-15,25
Nepal-Pradesh-2-Rautahat_1-Independent-16,18
Nepal-Pradesh-2-Rautahat_1-Independent-17,12
Nepal-Pradesh-2-Rautahat_1-Independent-18,11
Nepal-Pradesh-2-Rautahat_1-Independent-19,10
Nepal-Pradesh-2-Rautahat_1-Independent-20,8
Nepal-Pradesh-2-Rautahat_1-Independent-21,6
Nepal-Pradesh-2-Rautahat_1-Independent-22,5
Nepal-Pradesh-2-Rautahat_1-Independent-23,5
Nepal-Pradesh-2-Rautahat_1-Independent-24,5
Nepal-Pradesh-2-Rautahat_1-Independent-25,5
Nepal-Pradesh-2-Rautahat_1-Independent-26,4
Nepal-Pradesh-2-Rautahat_1-Independent-27,4
Nepal-Pradesh-2-Rautahat_1-Independent-28,4
Nepal-Pradesh-2-Rautahat_1-Independent-29,4
Nepal-Pradesh-2-Rautahat_1-Independent-30,3
Nepal-Pradesh-2-Rautahat_1-Independent-31,3
Nepal-Pradesh-2-Rautahat_2-Nepali_Congress-1,18833
Nepal-Pradesh-2-Rautahat_2-Sanghiya_Samajbadi_Forum_Nepal-2,16865
Nepal-Pradesh-2-Rautahat_2-NCP_UML-3,13883
Nepal-Pradesh-2-Rautahat_2-Nepali_Janata_Dal-4,709
Nepal-Pradesh-2-Rautahat_2-NCP_Maale-5,483
Nepal-Pradesh-2-Rautahat_2-Independent-6,336
Nepal-Pradesh-2-Rautahat_2-Nepal_Janata_Party-7,230
Nepal-Pradesh-2-Rautahat_2-Rastriya_Yetharthabadi_Party-8,204
Nepal-Pradesh-2-Rautahat_2-Dalit_Muslim_Janasakti_Party-9,144
Nepal-Pradesh-2-Rautahat_2-Rastriya_Janamorcha-10,93
Nepal-Pradesh-2-Rautahat_2-Nepal_Majdur_Kisaan_Party-11,71
Nepal-Pradesh-2-Rautahat_2-Nepal_Sanghiya_Samajbadi_Party-12,45
Nepal-Pradesh-2-Rautahat_2-Unified_RPP_Rastrabadi-13,43
Nepal-Pradesh-2-Rautahat_2-Independent-14,29
Nepal-Pradesh-2-Rautahat_2-Independent-15,18
Nepal-Pradesh-2-Rautahat_2-Independent-16,16
Nepal-Pradesh-2-Rautahat_2-Independent-17,15
Nepal-Pradesh-2-Rautahat_2-Independent-18,14
Nepal-Pradesh-2-Rautahat_3-NCP_Maobadi-1,27799
Nepal-Pradesh-2-Rautahat_3-Nepali_Congress-2,18206
Nepal-Pradesh-2-Rautahat_3-Rastriya_Janata_Party-3,14658
Nepal-Pradesh-2-Rautahat_3-Nepali_Janata_Dal-4,362
Nepal-Pradesh-2-Rautahat_3-Unified_RPP_Rastrabadi-5,289
Nepal-Pradesh-2-Rautahat_3-Bahujan_Shakti_Party-6,282
Nepal-Pradesh-2-Rautahat_3-Independent-7,67
Nepal-Pradesh-2-Rautahat_3-Independent-8,57
Nepal-Pradesh-2-Rautahat_3-Rastriya_Janamorcha-9,53
Nepal-Pradesh-2-Rautahat_3-Independent-10,49
Nepal-Pradesh-2-Rautahat_3-Independent-11,34
Nepal-Pradesh-2-Rautahat_3-Nepal_Majdur_Kisaan_Party-12,21
Nepal-Pradesh-2-Rautahat_3-Independent-13,17
Nepal-Pradesh-2-Rautahat_3-Independent-14,12
Nepal-Pradesh-2-Rautahat_3-Independent-15,9
Nepal-Pradesh-2-Rautahat_3-Independent-16,7
Nepal-Pradesh-2-Rautahat_3-Independent-17,7
Nepal-Pradesh-2-Rautahat_3-Independent-18,5
Nepal-Pradesh-2-Rautahat_3-Independent-19,5
Nepal-Pradesh-2-Rautahat_3-Independent-20,5
Nepal-Pradesh-2-Rautahat_3-Independent-21,4
Nepal-Pradesh-2-Rautahat_3-Independent-22,4
Nepal-Pradesh-2-Rautahat_3-Independent-23,3
Nepal-Pradesh-2-Rautahat_3-Independent-24,3
Nepal-Pradesh-2-Rautahat_4-Nepali_Congress-1,28228
Nepal-Pradesh-2-Rautahat_4-NCP_UML-2,23006
Nepal-Pradesh-2-Rautahat_4-Rastriya_Janata_Party-3,7881
Nepal-Pradesh-2-Rautahat_4-NCP_Maale-4,607
Nepal-Pradesh-2-Rautahat_4-Nepal_Sanghiya_Samajbadi_Party-5,146
Nepal-Pradesh-2-Rautahat_4-Unified_RPP_Rastrabadi-6,80
Nepal-Pradesh-2-Rautahat_4-Deshbhakta_Ganatantrik_Morcha-7,79
Nepal-Pradesh-2-Rautahat_4-Bibeksheel_Sajha-8,52
Nepal-Pradesh-2-Rautahat_4-Nepal_Majdur_Kisaan_Party-9,41
Nepal-Pradesh-2-Rautahat_4-Nepal_Janata_Party-10,32
Nepal-Pradesh-2-Rautahat_4-Independent-11,25
Nepal-Pradesh-2-Rautahat_4-Lokkalyankari_Janata_Party-12,18
Nepal-Pradesh-2-Rautahat_4-Independent-13,17
Nepal-Pradesh-2-Rautahat_4-Independent-14,6
Nepal-Pradesh-2-Rautahat_4-Independent-15,6
Nepal-Pradesh-2-Rautahat_4-Independent-16,6
Nepal-Pradesh-2-Rautahat_4-Independent-17,6
Nepal-Pradesh-2-Rautahat_4-Independent-18,4
Nepal-Pradesh-2-Bara_1-Nepali_Congress-1,24450
Nepal-Pradesh-2-Bara_1-NCP_UML-2,22030
Nepal-Pradesh-2-Bara_1-Rastriya_Janata_Party-3,20144
Nepal-Pradesh-2-Bara_1-Bibeksheel_Sajha-4,200
Nepal-Pradesh-2-Bara_1-Deshbhakta_Ganatantrik_Morcha-5,139
Nepal-Pradesh-2-Bara_1-NayaSakti-6,102
Nepal-Pradesh-2-Bara_1-Rastriya_Janamorcha-7,78
Nepal-Pradesh-2-Bara_1-Independent-8,26
Nepal-Pradesh-2-Bara_1-Independent-9,22
Nepal-Pradesh-2-Bara_1-Independent-10,19
Nepal-Pradesh-2-Bara_1-Independent-11,12
Nepal-Pradesh-2-Bara_2-Sanghiya_Samajbadi_Forum_Nepal-1,28185
Nepal-Pradesh-2-Bara_2-Nepali_Congress-2,15790
Nepal-Pradesh-2-Bara_2-NCP_Maobadi-3,10546
Nepal-Pradesh-2-Bara_2-Nepali_Janata_Dal-4,545
Nepal-Pradesh-2-Bara_2-NayaSakti-5,439
Nepal-Pradesh-2-Bara_2-Rastriya_Yetharthabadi_Party-6,298
Nepal-Pradesh-2-Bara_2-Unified_RPP_Rastrabadi-7,214
Nepal-Pradesh-2-Bara_2-Independent-8,77
Nepal-Pradesh-2-Bara_2-Independent-9,73
Nepal-Pradesh-2-Bara_2-Independent-10,57
Nepal-Pradesh-2-Bara_2-Independent-11,51
Nepal-Pradesh-2-Bara_2-Independent-12,41
Nepal-Pradesh-2-Bara_2-Independent-13,39
Nepal-Pradesh-2-Bara_3-Sanghiya_Samajbadi_Forum_Nepal-1,21336
Nepal-Pradesh-2-Bara_3-NCP_UML-2,16362
Nepal-Pradesh-2-Bara_3-Nepali_Congress-3,16086
Nepal-Pradesh-2-Bara_3-Nepal_Janata_Party-4,463
Nepal-Pradesh-2-Bara_3-Nepal_Majdur_Kisaan_Party-5,415
Nepal-Pradesh-2-Bara_3-Rastriya_Janamorcha-6,354
Nepal-Pradesh-2-Bara_3-Nepal_Sanghiya_Samajbadi_Party-7,287
Nepal-Pradesh-2-Bara_3-Unified_RPP_Rastrabadi-8,231
Nepal-Pradesh-2-Bara_3-NayaSakti-9,192
Nepal-Pradesh-2-Bara_3-Rastriya_Janamukti_Party-10,64
Nepal-Pradesh-2-Bara_3-Independent-11,50
Nepal-Pradesh-2-Bara_3-Independent-12,45
Nepal-Pradesh-2-Bara_4-Rastriya_Janata_Party-1,22275
Nepal-Pradesh-2-Bara_4-NCP_UML-2,20607
Nepal-Pradesh-2-Bara_4-Nepali_Congress-3,14516
Nepal-Pradesh-2-Bara_4-Unified_RPP_Rastrabadi-4,828
Nepal-Pradesh-2-Bara_4-NayaSakti-5,704
Nepal-Pradesh-2-Bara_4-Bibeksheel_Sajha-6,547
Nepal-Pradesh-2-Bara_4-Lokkalyankari_Janata_Party-7,258
Nepal-Pradesh-2-Bara_4-Rastriya_Janamorcha-8,155
Nepal-Pradesh-2-Bara_4-Rastriya_Samajbadi_Party_Nepal-9,90
Nepal-Pradesh-2-Bara_4-Independent-10,88
Nepal-Pradesh-2-Bara_4-Independent-11,37
Nepal-Pradesh-2-Bara_4-Independent-12,28
Nepal-Pradesh-2-Parsa_1-Sanghiya_Samajbadi_Forum_Nepal-1,21132
Nepal-Pradesh-2-Parsa_1-Nepali_Congress-2,16481
Nepal-Pradesh-2-Parsa_1-NCP_UML-3,5418
Nepal-Pradesh-2-Parsa_1-NCP_Maale-4,608
Nepal-Pradesh-2-Parsa_1-Nepal_Sanghiya_Samajbadi_Party-5,311
Nepal-Pradesh-2-Parsa_1-Unified_RPP_Rastrabadi-6,147
Nepal-Pradesh-2-Parsa_1-Independent-7,118
Nepal-Pradesh-2-Parsa_1-Bibeksheel_Sajha-8,104
Nepal-Pradesh-2-Parsa_1-Rastriya_Janamorcha-9,58
Nepal-Pradesh-2-Parsa_1-NCP_Maxist-10,41
Nepal-Pradesh-2-Parsa_1-Independent-11,36
Nepal-Pradesh-2-Parsa_1-Deshbhakta_Loktantrik_Party-12,27
Nepal-Pradesh-2-Parsa_1-Independent-13,25
Nepal-Pradesh-2-Parsa_1-Nepal_Majdur_Kisaan_Party-14,24
Nepal-Pradesh-2-Parsa_1-Independent-15,21
Nepal-Pradesh-2-Parsa_1-Independent-16,13
Nepal-Pradesh-2-Parsa_1-Independent-17,8
Nepal-Pradesh-2-Parsa_1-Independent-18,7
Nepal-Pradesh-2-Parsa_1-Independent-19,6
Nepal-Pradesh-2-Parsa_1-Independent-20,5
Nepal-Pradesh-2-Parsa_1-Independent-21,4
Nepal-Pradesh-2-Parsa_1-Independent-22,4
Nepal-Pradesh-2-Parsa_2-Sanghiya_Samajbadi_Forum_Nepal-1,21169
Nepal-Pradesh-2-Parsa_2-Nepali_Congress-2,19704
Nepal-Pradesh-2-Parsa_2-NCP_Maobadi-3,6729
Nepal-Pradesh-2-Parsa_2-Janasawajbadi_Party-4,619
Nepal-Pradesh-2-Parsa_2-Nepali_Janata_Dal-5,494
Nepal-Pradesh-2-Parsa_2-Unified_RPP_Rastrabadi-6,161
Nepal-Pradesh-2-Parsa_2-Independent-7,115
Nepal-Pradesh-2-Parsa_2-Deshbhakta_Loktantrik_Party-8,80
Nepal-Pradesh-2-Parsa_2-Independent-9,51
Nepal-Pradesh-2-Parsa_2-Independent-10,32
Nepal-Pradesh-2-Parsa_2-Independent-11,28
Nepal-Pradesh-2-Parsa_2-Independent-12,22
Nepal-Pradesh-2-Parsa_2-Independent-13,21
Nepal-Pradesh-2-Parsa_2-Independent-14,14
Nepal-Pradesh-2-Parsa_2-Independent-15,6
Nepal-Pradesh-2-Parsa_3-Sanghiya_Samajbadi_Forum_Nepal-1,15168
Nepal-Pradesh-2-Parsa_3-Nepali_Congress-2,13801
Nepal-Pradesh-2-Parsa_3-NCP_UML-3,10986
Nepal-Pradesh-2-Parsa_3-Nepal_Sanghiya_Samajbadi_Party-4,10009
Nepal-Pradesh-2-Parsa_3-Bahujan_Shakti_Party-5,232
Nepal-Pradesh-2-Parsa_3-Independent-6,164
Nepal-Pradesh-2-Parsa_3-Unified_RPP_Rastrabadi-7,142
Nepal-Pradesh-2-Parsa_3-Independent-8,101
Nepal-Pradesh-2-Parsa_3-Independent-9,74
Nepal-Pradesh-2-Parsa_3-Nepal_Majdur_Kisaan_Party-10,66
Nepal-Pradesh-2-Parsa_3-Independent-11,53
Nepal-Pradesh-2-Parsa_3-Independent-12,27
Nepal-Pradesh-2-Parsa_3-Independent-13,25
Nepal-Pradesh-2-Parsa_3-Independent-14,15
Nepal-Pradesh-2-Parsa_4-Rastriya_Janata_Party-1,20738
Nepal-Pradesh-2-Parsa_4-Nepali_Congress-2,14702
Nepal-Pradesh-2-Parsa_4-NCP_Maobadi-3,9617
Nepal-Pradesh-2-Parsa_4-Nepal_Sanghiya_Samajbadi_Party-4,2789
Nepal-Pradesh-2-Parsa_4-Janasawajbadi_Party-5,1130
Nepal-Pradesh-2-Parsa_4-Nepali_Janata_Dal-6,378
Nepal-Pradesh-2-Parsa_4-Unified_RPP_Rastrabadi-7,192
Nepal-Pradesh-2-Parsa_4-Nepal_Majdur_Kisaan_Party-8,71
Nepal-Pradesh-2-Parsa_4-Independent-9,65
Nepal-Pradesh-2-Parsa_4-Independent-10,49
Nepal-Pradesh-2-Parsa_4-Independent-11,29
Nepal-Pradesh-2-Parsa_4-Independent-12,16
Nepal-Pradesh-2-Parsa_4-Independent-13,15
Nepal-Pradesh-3-Dolakha_1-NCP_UML-1,55457
Nepal-Pradesh-3-Dolakha_1-Nepali_Congress-2,24813
Nepal-Pradesh-3-Dolakha_1-Mangol_National_Org-3,772
Nepal-Pradesh-3-Dolakha_1-Sanghiya_Samajbadi_Forum_Nepal-4,308
Nepal-Pradesh-3-Dolakha_1-Bibeksheel_Sajha-5,303
Nepal-Pradesh-3-Dolakha_1-NayaSakti-6,170
Nepal-Pradesh-3-Dolakha_1-NCP_Maxist-7,166
Nepal-Pradesh-3-Dolakha_1-Deshbhakta_Ganatantrik_Morcha-8,163
Nepal-Pradesh-3-Dolakha_1-Rastriya_Janamukti_Party-9,99
Nepal-Pradesh-3-Dolakha_1-Liberal_Democratic-10,61
Nepal-Pradesh-3-Dolakha_1-Independent-11,44
Nepal-Pradesh-3-Dolakha_1-Nepal_Majdur_Kisaan_Party-12,31
Nepal-Pradesh-3-Dolakha_1-Independent-13,26
Nepal-Pradesh-3-Dolakha_1-Independent-14,13
Nepal-Pradesh-3-Dolakha_1-Independent-15,12
Nepal-Pradesh-3-Ramechaap_1-NCP_Maobadi-1,42117
Nepal-Pradesh-3-Ramechaap_1-Nepali_Congress-2,35771
Nepal-Pradesh-3-Ramechaap_1-NCP_Maale-3,3285
Nepal-Pradesh-3-Ramechaap_1-Unified_RPP_Rastrabadi-4,343
Nepal-Pradesh-3-Ramechaap_1-NayaSakti-5,336
Nepal-Pradesh-3-Ramechaap_1-Deshbhakta_Ganatantrik_Morcha-6,278
Nepal-Pradesh-3-Ramechaap_1-Rastriya_Samajbadi_Party_Nepal-7,276
Nepal-Pradesh-3-Ramechaap_1-Sanghiya_Samajbadi_Forum_Nepal-8,270
Nepal-Pradesh-3-Ramechaap_1-Rastriya_Janata_Party-9,233
Nepal-Pradesh-3-Ramechaap_1-Mangol_National_Org-10,118
Nepal-Pradesh-3-Ramechaap_1-Nepal_Dalit_Party-11,55
Nepal-Pradesh-3-Ramechaap_1-Liberal_Democratic-12,48
Nepal-Pradesh-3-Sindhuli_1-NCP_UML-1,32529
Nepal-Pradesh-3-Sindhuli_1-Nepali_Congress-2,22389
Nepal-Pradesh-3-Sindhuli_1-NCP_Maale-3,888
Nepal-Pradesh-3-Sindhuli_1-NayaSakti-4,648
Nepal-Pradesh-3-Sindhuli_1-Deshbhakta_Ganatantrik_Morcha-5,343
Nepal-Pradesh-3-Sindhuli_1-Sanghiya_Samajbadi_Forum_Nepal-6,236
Nepal-Pradesh-3-Sindhuli_1-NCP_Maxist-7,128
Nepal-Pradesh-3-Sindhuli_2-NCP_Maobadi-1,30179
Nepal-Pradesh-3-Sindhuli_2-Nepali_Congress-2,18127
Nepal-Pradesh-3-Sindhuli_2-NCP_Maale-3,1272
Nepal-Pradesh-3-Sindhuli_2-NayaSakti-4,455
Nepal-Pradesh-3-Sindhuli_2-Rastriya_Mukti_Andolan_Nepal-5,382
Nepal-Pradesh-3-Sindhuli_2-Sanghiya_Samajbadi_Forum_Nepal-6,371
Nepal-Pradesh-3-Sindhuli_2-Rastriya_Janamukti_Party-7,160
Nepal-Pradesh-3-Sindhuli_2-Rastriya_Janamorcha-8,121
Nepal-Pradesh-3-Sindhuli_2-Deshbhakta_Ganatantrik_Morcha-9,104
Nepal-Pradesh-3-Sindhuli_2-NCP_Maxist-10,86
Nepal-Pradesh-3-Rasuwa_1-Nepali_Congress-1,14453
Nepal-Pradesh-3-Rasuwa_1-NCP_UML-2,10278
Nepal-Pradesh-3-Rasuwa_1-Independent-3,104
Nepal-Pradesh-3-Rasuwa_1-Mangol_National_Org-4,44
Nepal-Pradesh-3-Rasuwa_1-Independent-5,15
Nepal-Pradesh-3-Rasuwa_1-Independent-6,14
Nepal-Pradesh-3-Rasuwa_1-Independent-7,14
Nepal-Pradesh-3-Rasuwa_1-Liberal_Democratic-8,8
Nepal-Pradesh-3-Rasuwa_1-Independent-9,8
Nepal-Pradesh-3-Rasuwa_1-Independent-10,3
Nepal-Pradesh-3-Rasuwa_1-Independent-11,1
Nepal-Pradesh-3-Dhading_1-NCP_UML-1,49121
Nepal-Pradesh-3-Dhading_1-Nepali_Congress-2,21968
Nepal-Pradesh-3-Dhading_1-Janasawajbadi_Party-3,2060
Nepal-Pradesh-3-Dhading_1-Bibeksheel_Sajha-4,347
Nepal-Pradesh-3-Dhading_1-NayaSakti-5,336
Nepal-Pradesh-3-Dhading_1-Unified_RPP_Rastrabadi-6,294
Nepal-Pradesh-3-Dhading_1-Independent-7,27
Nepal-Pradesh-3-Dhading_1-Independent-8,17
Nepal-Pradesh-3-Dhading_2-NCP_UML-1,36256
Nepal-Pradesh-3-Dhading_2-Nepali_Congress-2,35616
Nepal-Pradesh-3-Dhading_2-Nepali_Janata_Dal-3,577
Nepal-Pradesh-3-Dhading_2-Unified_RPP_Rastrabadi-4,346
Nepal-Pradesh-3-Dhading_2-Mangol_National_Org-5,138
Nepal-Pradesh-3-Dhading_2-Rastriya_Janata_Party-6,100
Nepal-Pradesh-3-Dhading_2-Independent-7,70
Nepal-Pradesh-3-Dhading_2-Sanghiya_Loktantrik-8,67
Nepal-Pradesh-3-Dhading_2-Independent-9,37
Nepal-Pradesh-3-Dhading_2-Independent-10,26
Nepal-Pradesh-3-Dhading_2-Independent-11,10
Nepal-Pradesh-3-Nuwakot_1-NCP_Maobadi-1,36473
Nepal-Pradesh-3-Nuwakot_1-Nepali_Congress-2,27920
Nepal-Pradesh-3-Nuwakot_1-Unified_RPP_Rastrabadi-3,898
Nepal-Pradesh-3-Nuwakot_1-Mangol_National_Org-4,178
Nepal-Pradesh-3-Nuwakot_1-Sanghiya_Samajbadi_Forum_Nepal-5,162
Nepal-Pradesh-3-Nuwakot_1-Nepal_Janaloktantra_Party-6,138
Nepal-Pradesh-3-Nuwakot_1-Independent-7,84
Nepal-Pradesh-3-Nuwakot_1-Independent-8,70
Nepal-Pradesh-3-Nuwakot_1-Independent-9,60
Nepal-Pradesh-3-Nuwakot_1-Rastriya_Janamorcha-10,45
Nepal-Pradesh-3-Nuwakot_2-NCP_UML-1,36892
Nepal-Pradesh-3-Nuwakot_2-Nepali_Congress-2,26335
Nepal-Pradesh-3-Nuwakot_2-NCP_Maale-3,947
Nepal-Pradesh-3-Nuwakot_2-NayaSakti-4,252
Nepal-Pradesh-3-Nuwakot_2-Sanghiya_Samajbadi_Forum_Nepal-5,209
Nepal-Pradesh-3-Nuwakot_2-Bibeksheel_Sajha-6,205
Nepal-Pradesh-3-Nuwakot_2-Mangol_National_Org-7,121
Nepal-Pradesh-3-Nuwakot_2-Deshbhakta_Ganatantrik_Morcha-8,96
Nepal-Pradesh-3-Kathmandu_1-Nepali_Congress-1,10936
Nepal-Pradesh-3-Kathmandu_1-Bibeksheel_Sajha-2,10118
Nepal-Pradesh-3-Kathmandu_1-NCP_Maobadi-3,5336
Nepal-Pradesh-3-Kathmandu_1-NCP_Maale-4,315
Nepal-Pradesh-3-Kathmandu_1-Nepali_Congress_BP-5,196
Nepal-Pradesh-3-Kathmandu_1-Nepali_Janata_Dal-6,174
Nepal-Pradesh-3-Kathmandu_1-NayaSakti-7,117
Nepal-Pradesh-3-Kathmandu_1-Rastriya_Janata_Party-8,100
Nepal-Pradesh-3-Kathmandu_1-Sanghiya_Samajbadi_Forum_Nepal-9,93
Nepal-Pradesh-3-Kathmandu_1-Deshbhakta_Ganatantrik_Morcha-10,51
Nepal-Pradesh-3-Kathmandu_1-Nepal_Janata_Party-11,49
Nepal-Pradesh-3-Kathmandu_1-Nepal_Majdur_Kisaan_Party-12,47
Nepal-Pradesh-3-Kathmandu_1-Janaprajatantrik_Party_Nepal-13,39
Nepal-Pradesh-3-Kathmandu_1-Rastriya_Janamorcha-14,33
Nepal-Pradesh-3-Kathmandu_1-Independent-15,18
Nepal-Pradesh-3-Kathmandu_1-Hamro_Party-16,17
Nepal-Pradesh-3-Kathmandu_1-Independent-17,14
Nepal-Pradesh-3-Kathmandu_1-Independent-18,12
Nepal-Pradesh-3-Kathmandu_1-Independent-19,11
Nepal-Pradesh-3-Kathmandu_1-Independent-20,3
Nepal-Pradesh-3-Kathmandu_1-Independent-21,2
Nepal-Pradesh-3-Kathmandu_1-Independent-22,1
Nepal-Pradesh-3-Kathmandu_2-NCP_UML-1,27366
Nepal-Pradesh-3-Kathmandu_2-Nepali_Congress-2,14903
Nepal-Pradesh-3-Kathmandu_2-Bibeksheel_Sajha-3,7437
Nepal-Pradesh-3-Kathmandu_2-Janasawajbadi_Party-4,279
Nepal-Pradesh-3-Kathmandu_2-Nepali_Janata_Dal-5,266
Nepal-Pradesh-3-Kathmandu_2-Unified_RPP_Rastrabadi-6,189
Nepal-Pradesh-3-Kathmandu_2-NayaSakti-7,151
Nepal-Pradesh-3-Kathmandu_2-Sanghiya_Samajbadi_Forum_Nepal-8,134
Nepal-Pradesh-3-Kathmandu_2-Nepal_Majdur_Kisaan_Party-9,79
Nepal-Pradesh-3-Kathmandu_2-Deshbhakta_Ganatantrik_Morcha-10,73
Nepal-Pradesh-3-Kathmandu_2-Green_Party-11,64
Nepal-Pradesh-3-Kathmandu_2-Rastriya_Janata_Party-12,63
Nepal-Pradesh-3-Kathmandu_2-Rastriya_Janamorcha-13,60
Nepal-Pradesh-3-Kathmandu_2-Rastriya_Janamukti_Party-14,36
Nepal-Pradesh-3-Kathmandu_2-Hamro_Party-15,30
Nepal-Pradesh-3-Kathmandu_2-Chure_Bhawar-16,30
Nepal-Pradesh-3-Kathmandu_2-Liberal_Democratic-17,24
Nepal-Pradesh-3-Kathmandu_2-Independent-18,20
Nepal-Pradesh-3-Kathmandu_2-Independent-19,15
Nepal-Pradesh-3-Kathmandu_2-Independent-20,10
Nepal-Pradesh-3-Kathmandu_2-Independent-21,9
Nepal-Pradesh-3-Kathmandu_2-Nepali_Greens-22,8
Nepal-Pradesh-3-Kathmandu_2-Independent-23,7
Nepal-Pradesh-3-Kathmandu_2-Independent-24,2
Nepal-Pradesh-3-Kathmandu_3-NCP_UML-1,19169
Nepal-Pradesh-3-Kathmandu_3-Nepali_Congress-2,14884
Nepal-Pradesh-3-Kathmandu_3-Bibeksheel_Sajha-3,2205
Nepal-Pradesh-3-Kathmandu_3-NCP_Maale-4,408
Nepal-Pradesh-3-Kathmandu_3-Sanghiya_Samajbadi_Forum_Nepal-5,192
Nepal-Pradesh-3-Kathmandu_3-NayaSakti-6,129
Nepal-Pradesh-3-Kathmandu_3-Unified_RPP_Rastrabadi-7,124
Nepal-Pradesh-3-Kathmandu_3-Deshbhakta_Ganatantrik_Morcha-8,108
Nepal-Pradesh-3-Kathmandu_3-Rastriya_Mukti_Andolan_Nepal-9,101
Nepal-Pradesh-3-Kathmandu_3-Nepali_Greens-10,70
Nepal-Pradesh-3-Kathmandu_3-Nepal_Majdur_Kisaan_Party-11,55
Nepal-Pradesh-3-Kathmandu_3-Rastriya_Janamorcha-12,25
Nepal-Pradesh-3-Kathmandu_3-Mangol_National_Org-13,14
Nepal-Pradesh-3-Kathmandu_3-Hamro_Party-14,11
Nepal-Pradesh-3-Kathmandu_3-Independent-15,9
Nepal-Pradesh-3-Kathmandu_3-Independent-16,8
Nepal-Pradesh-3-Kathmandu_3-Independent-17,5
Nepal-Pradesh-3-Kathmandu_4-Nepali_Congress-1,21558
Nepal-Pradesh-3-Kathmandu_4-NCP_UML-2,18140
Nepal-Pradesh-3-Kathmandu_4-Bibeksheel_Sajha-3,3040
Nepal-Pradesh-3-Kathmandu_4-NCP_Maale-4,154
Nepal-Pradesh-3-Kathmandu_4-NayaSakti-5,133
Nepal-Pradesh-3-Kathmandu_4-Sanghiya_Samajbadi_Forum_Nepal-6,112
Nepal-Pradesh-3-Kathmandu_4-Unified_RPP_Rastrabadi-7,88
Nepal-Pradesh-3-Kathmandu_4-Rastriya_Janata_Party-8,63
Nepal-Pradesh-3-Kathmandu_4-Nepal_Majdur_Kisaan_Party-9,48
Nepal-Pradesh-3-Kathmandu_4-Janaprajatantrik_Party_Nepal-10,43
Nepal-Pradesh-3-Kathmandu_4-Nepal_Sanghiya_Samajbadi_Party-11,38
Nepal-Pradesh-3-Kathmandu_4-Rastriya_Janamukti_Party-12,28
Nepal-Pradesh-3-Kathmandu_4-Hamro_Party-13,20
Nepal-Pradesh-3-Kathmandu_4-Independent-14,18
Nepal-Pradesh-3-Kathmandu_4-Independent-15,11
Nepal-Pradesh-3-Kathmandu_4-Muskaan_Sena_Nepal-16,10
Nepal-Pradesh-3-Kathmandu_4-Independent-17,9
Nepal-Pradesh-3-Kathmandu_4-Independent-18,8
Nepal-Pradesh-3-Kathmandu_4-Independent-19,6
Nepal-Pradesh-3-Kathmandu_4-NCP_Maxist-20,6
Nepal-Pradesh-3-Kathmandu_4-Independent-21,2
Nepal-Pradesh-3-Kathmandu_5-NCP_UML-1,23029
Nepal-Pradesh-3-Kathmandu_5-Nepali_Congress-2,13169
Nepal-Pradesh-3-Kathmandu_5-Bibeksheel_Sajha-3,6853
Nepal-Pradesh-3-Kathmandu_5-Nepal_Majdur_Kisaan_Party-4,636
Nepal-Pradesh-3-Kathmandu_5-NayaSakti-5,241
Nepal-Pradesh-3-Kathmandu_5-NCP_Maale-6,147
Nepal-Pradesh-3-Kathmandu_5-Sanghiya_Samajbadi_Forum_Nepal-7,124
Nepal-Pradesh-3-Kathmandu_5-Unified_RPP_Rastrabadi-8,121
Nepal-Pradesh-3-Kathmandu_5-Deshbhakta_Ganatantrik_Morcha-9,66
Nepal-Pradesh-3-Kathmandu_5-Rastriya_Janamorcha-10,58
Nepal-Pradesh-3-Kathmandu_5-Janaprajatantrik_Party_Nepal-11,56
Nepal-Pradesh-3-Kathmandu_5-Rastriya_Janata_Party-12,56
Nepal-Pradesh-3-Kathmandu_5-Rastriya_Mukti_Andolan_Nepal-13,53
Nepal-Pradesh-3-Kathmandu_5-Nepalbaad-14,37
Nepal-Pradesh-3-Kathmandu_5-Rastriya_Shivasena_Party-15,20
Nepal-Pradesh-3-Kathmandu_5-Muskaan_Sena_Nepal-16,12
Nepal-Pradesh-3-Kathmandu_5-Hamro_Party-17,11
Nepal-Pradesh-3-Kathmandu_5-Independent-18,10
Nepal-Pradesh-3-Kathmandu_5-Independent-19,8
Nepal-Pradesh-3-Kathmandu_5-Independent-20,3
Nepal-Pradesh-3-Kathmandu_6-Nepali_Congress-1,16785
Nepal-Pradesh-3-Kathmandu_6-NCP_Maobadi-2,15485
Nepal-Pradesh-3-Kathmandu_6-Bibeksheel_Sajha-3,4225
Nepal-Pradesh-3-Kathmandu_6-Janasawajbadi_Party-4,791
Nepal-Pradesh-3-Kathmandu_6-Nepal_Majdur_Kisaan_Party-5,541
Nepal-Pradesh-3-Kathmandu_6-NayaSakti-6,431
Nepal-Pradesh-3-Kathmandu_6-Unified_RPP_Rastrabadi-7,333
Nepal-Pradesh-3-Kathmandu_6-Sanghiya_Samajbadi_Forum_Nepal-8,266
Nepal-Pradesh-3-Kathmandu_6-Deshbhakta_Ganatantrik_Morcha-9,138
Nepal-Pradesh-3-Kathmandu_6-Nepali_Congress_BP-10,91
Nepal-Pradesh-3-Kathmandu_6-Rastriya_Janamorcha-11,65
Nepal-Pradesh-3-Kathmandu_6-Independent-12,36
Nepal-Pradesh-3-Kathmandu_6-Independent-13,29
Nepal-Pradesh-3-Kathmandu_6-Independent-14,27
Nepal-Pradesh-3-Kathmandu_6-Rastriya_Nagarik_Party-15,25
Nepal-Pradesh-3-Kathmandu_7-NCP_UML-1,18102
Nepal-Pradesh-3-Kathmandu_7-RPP-2,10079
Nepal-Pradesh-3-Kathmandu_7-Bibeksheel_Sajha-3,5376
Nepal-Pradesh-3-Kathmandu_7-Sanghiya_Samajbadi_Forum_Nepal-4,1781
Nepal-Pradesh-3-Kathmandu_7-NayaSakti-5,728
Nepal-Pradesh-3-Kathmandu_7-NCP_Maale-6,362
Nepal-Pradesh-3-Kathmandu_7-Unified_RPP_Rastrabadi-7,261
Nepal-Pradesh-3-Kathmandu_7-Nepal_Majdur_Kisaan_Party-8,193
Nepal-Pradesh-3-Kathmandu_7-Independent-9,147
Nepal-Pradesh-3-Kathmandu_7-Deshbhakta_Ganatantrik_Morcha-10,131
Nepal-Pradesh-3-Kathmandu_7-Nepali_Congress_BP-11,108
Nepal-Pradesh-3-Kathmandu_7-Rastriya_Janamorcha-12,106
Nepal-Pradesh-3-Kathmandu_7-Independent-13,30
Nepal-Pradesh-3-Kathmandu_7-Independent-14,11
Nepal-Pradesh-3-Kathmandu_8-NCP_UML-1,13397
Nepal-Pradesh-3-Kathmandu_8-Nepali_Congress-2,12953
Nepal-Pradesh-3-Kathmandu_8-Bibeksheel_Sajha-3,4414
Nepal-Pradesh-3-Kathmandu_8-Janasawajbadi_Party-4,437
Nepal-Pradesh-3-Kathmandu_8-NayaSakti-5,274
Nepal-Pradesh-3-Kathmandu_8-Deshbhakta_Ganatantrik_Morcha-6,240
Nepal-Pradesh-3-Kathmandu_8-Unified_RPP_Rastrabadi-7,202
Nepal-Pradesh-3-Kathmandu_8-Nepal_Majdur_Kisaan_Party-8,139
Nepal-Pradesh-3-Kathmandu_8-Nepal_Sanghiya_Samajbadi_Party-9,35
Nepal-Pradesh-3-Kathmandu_9-NCP_UML-1,22852
Nepal-Pradesh-3-Kathmandu_9-Nepali_Congress-2,14802
Nepal-Pradesh-3-Kathmandu_9-Bibeksheel_Sajha-3,4946
Nepal-Pradesh-3-Kathmandu_9-Nepal_Majdur_Kisaan_Party-4,434
Nepal-Pradesh-3-Kathmandu_9-Sanghiya_Samajbadi_Forum_Nepal-5,402
Nepal-Pradesh-3-Kathmandu_9-Deshbhakta_Ganatantrik_Morcha-6,402
Nepal-Pradesh-3-Kathmandu_9-NayaSakti-7,281
Nepal-Pradesh-3-Kathmandu_9-Unified_RPP_Rastrabadi-8,219
Nepal-Pradesh-3-Kathmandu_9-Rastriya_Janata_Party-9,176
Nepal-Pradesh-3-Kathmandu_9-Nepa_Rastriya_Party-10,173
Nepal-Pradesh-3-Kathmandu_9-Nepali_Congress_BP-11,171
Nepal-Pradesh-3-Kathmandu_9-Rastriya_Janamorcha-12,117
Nepal-Pradesh-3-Kathmandu_9-Aamul_Paribartan_Masiha-13,83
Nepal-Pradesh-3-Kathmandu_9-Independent-14,16
Nepal-Pradesh-3-Kathmandu_10-Nepali_Congress-1,24190
Nepal-Pradesh-3-Kathmandu_10-NCP_Maobadi-2,21907
Nepal-Pradesh-3-Kathmandu_10-Bibeksheel_Sajha-3,2003
Nepal-Pradesh-3-Kathmandu_10-NCP_Maale-4,1757
Nepal-Pradesh-3-Kathmandu_10-NayaSakti-5,1195
Nepal-Pradesh-3-Kathmandu_10-Nepali_Congress_BP-6,927
Nepal-Pradesh-3-Kathmandu_10-Nepal_Majdur_Kisaan_Party-7,366
Nepal-Pradesh-3-Kathmandu_10-Deshbhakta_Ganatantrik_Morcha-8,278
Nepal-Pradesh-3-Kathmandu_10-Sanghiya_Samajbadi_Forum_Nepal-9,193
Nepal-Pradesh-3-Kathmandu_10-Unified_RPP_Rastrabadi-10,165
Nepal-Pradesh-3-Kathmandu_10-Rastriya_Janata_Party-11,108
Nepal-Pradesh-3-Kathmandu_10-Rastriya_Janamorcha-12,100
Nepal-Pradesh-3-Kathmandu_10-Aamul_Paribartan_Masiha-13,85
Nepal-Pradesh-3-Kathmandu_10-Nepal_Sanghiya_Samajbadi_Party-14,38
Nepal-Pradesh-3-Kathmandu_10-Independent-15,29
Nepal-Pradesh-3-Bhaktapur_1-Nepal_Majdur_Kisaan_Party-1,33076
Nepal-Pradesh-3-Bhaktapur_1-Nepali_Congress-2,17818
Nepal-Pradesh-3-Bhaktapur_1-NCP_Maobadi-3,15374
Nepal-Pradesh-3-Bhaktapur_1-Bibeksheel_Sajha-4,2330
Nepal-Pradesh-3-Bhaktapur_1-Unified_RPP_Rastrabadi-5,662
Nepal-Pradesh-3-Bhaktapur_1-Chure_Bhawar-6,296
Nepal-Pradesh-3-Bhaktapur_1-Rastriya_Janamorcha-7,292
Nepal-Pradesh-3-Bhaktapur_1-NayaSakti-8,265
Nepal-Pradesh-3-Bhaktapur_1-Deshbhakta_Ganatantrik_Morcha-9,186
Nepal-Pradesh-3-Bhaktapur_1-Independent-10,81
Nepal-Pradesh-3-Bhaktapur_1-Independent-11,64
Nepal-Pradesh-3-Bhaktapur_1-Independent-12,21
Nepal-Pradesh-3-Bhaktapur_2-NCP_UML-1,36412
Nepal-Pradesh-3-Bhaktapur_2-Nepali_Congress-2,18687
Nepal-Pradesh-3-Bhaktapur_2-Nepal_Majdur_Kisaan_Party-3,5471
Nepal-Pradesh-3-Bhaktapur_2-Bibeksheel_Sajha-4,1784
Nepal-Pradesh-3-Bhaktapur_2-NCP_Maale-5,300
Nepal-Pradesh-3-Bhaktapur_2-Unified_RPP_Rastrabadi-6,147
Nepal-Pradesh-3-Bhaktapur_2-NayaSakti-7,125
Nepal-Pradesh-3-Bhaktapur_2-Rastriya_Janamorcha-8,61
Nepal-Pradesh-3-Bhaktapur_2-Rastriya_Janamukti_Party-9,52
Nepal-Pradesh-3-Bhaktapur_2-Independent-10,22
Nepal-Pradesh-3-Bhaktapur_2-Independent-11,20
Nepal-Pradesh-3-Bhaktapur_2-Nepal_Dalit_Party-12,15
Nepal-Pradesh-3-Bhaktapur_2-Independent-13,13
Nepal-Pradesh-3-Lalitpur_1-NCP_UML-1,26951
Nepal-Pradesh-3-Lalitpur_1-Nepali_Congress-2,20729
Nepal-Pradesh-3-Lalitpur_1-NCP_Maale-3,515
Nepal-Pradesh-3-Lalitpur_1-Bibeksheel_Sajha-4,255
Nepal-Pradesh-3-Lalitpur_1-Deshbhakta_Ganatantrik_Morcha-5,122
Nepal-Pradesh-3-Lalitpur_1-Sanghiya_Samajbadi_Forum_Nepal-6,121
Nepal-Pradesh-3-Lalitpur_1-NayaSakti-7,95
Nepal-Pradesh-3-Lalitpur_1-Nepal_Sanghiya_Samajbadi_Party-8,94
Nepal-Pradesh-3-Lalitpur_1-Unified_RPP_Rastrabadi-9,66
Nepal-Pradesh-3-Lalitpur_1-Nepal_Naulo_Janabadi_Party-10,40
Nepal-Pradesh-3-Lalitpur_1-Nepal_Majdur_Kisaan_Party-11,38
Nepal-Pradesh-3-Lalitpur_1-Liberal_Democratic-12,23
Nepal-Pradesh-3-Lalitpur_1-Independent-13,20
Nepal-Pradesh-3-Lalitpur_1-Independent-14,17
Nepal-Pradesh-3-Lalitpur_1-Independent-15,8
Nepal-Pradesh-3-Lalitpur_1-Independent-16,7
Nepal-Pradesh-3-Lalitpur_1-Independent-17,4
Nepal-Pradesh-3-Lalitpur_1-Independent-18,3
Nepal-Pradesh-3-Lalitpur_1-Independent-19,3
Nepal-Pradesh-3-Lalitpur_1-Independent-20,3
Nepal-Pradesh-3-Lalitpur_1-Independent-21,1
Nepal-Pradesh-3-Lalitpur_2-NCP_UML-1,27713
Nepal-Pradesh-3-Lalitpur_2-Nepali_Congress-2,16945
Nepal-Pradesh-3-Lalitpur_2-Bibeksheel_Sajha-3,5408
Nepal-Pradesh-3-Lalitpur_2-NayaSakti-4,963
Nepal-Pradesh-3-Lalitpur_2-Sanghiya_Samajbadi_Forum_Nepal-5,960
Nepal-Pradesh-3-Lalitpur_2-Unified_RPP_Rastrabadi-6,237
Nepal-Pradesh-3-Lalitpur_2-Rastriya_Janata_Party-7,155
Nepal-Pradesh-3-Lalitpur_2-Chure_Bhawar-8,149
Nepal-Pradesh-3-Lalitpur_2-Nepal_Majdur_Kisaan_Party-9,144
Nepal-Pradesh-3-Lalitpur_2-Rastriya_Janamukti_Party-10,50
Nepal-Pradesh-3-Lalitpur_2-Nepal_Naulo_Janabadi_Party-11,35
Nepal-Pradesh-3-Lalitpur_2-Independent-12,26
Nepal-Pradesh-3-Lalitpur_2-Independent-13,22
Nepal-Pradesh-3-Lalitpur_3-NCP_Maobadi-1,24036
Nepal-Pradesh-3-Lalitpur_3-Nepali_Congress-2,22328
Nepal-Pradesh-3-Lalitpur_3-Bibeksheel_Sajha-3,7628
Nepal-Pradesh-3-Lalitpur_3-NCP_Maale-4,2121
Nepal-Pradesh-3-Lalitpur_3-NayaSakti-5,894
Nepal-Pradesh-3-Lalitpur_3-Unified_RPP_Rastrabadi-6,689
Nepal-Pradesh-3-Lalitpur_3-Sanghiya_Samajbadi_Forum_Nepal-7,628
Nepal-Pradesh-3-Lalitpur_3-Independent-8,304
Nepal-Pradesh-3-Lalitpur_3-Rastriya_Janata_Party-9,181
Nepal-Pradesh-3-Lalitpur_3-Rastriya_Janamorcha-10,181
Nepal-Pradesh-3-Lalitpur_3-Rastriya_Janamukti_Party-11,108
Nepal-Pradesh-3-Lalitpur_3-Nepal_Majdur_Kisaan_Party-12,101
Nepal-Pradesh-3-Lalitpur_3-Independent-13,15
Nepal-Pradesh-3-Kavrepalanchowk_1-NCP_Maobadi-1,43631
Nepal-Pradesh-3-Kavrepalanchowk_1-Nepali_Congress-2,39605
Nepal-Pradesh-3-Kavrepalanchowk_1-NCP_Maale-3,3133
Nepal-Pradesh-3-Kavrepalanchowk_1-Nepali_Janata_Dal-4,955
Nepal-Pradesh-3-Kavrepalanchowk_1-Bibeksheel_Sajha-5,784
Nepal-Pradesh-3-Kavrepalanchowk_1-Deshbhakta_Ganatantrik_Morcha-6,430
Nepal-Pradesh-3-Kavrepalanchowk_1-Sanghiya_Samajbadi_Forum_Nepal-7,291
Nepal-Pradesh-3-Kavrepalanchowk_1-Rastriya_Janata_Party-8,134
Nepal-Pradesh-3-Kavrepalanchowk_1-Nepal_Majdur_Kisaan_Party-9,134
Nepal-Pradesh-3-Kavrepalanchowk_1-NayaSakti-10,108
Nepal-Pradesh-3-Kavrepalanchowk_1-Nepali_Congress_BP-11,44
Nepal-Pradesh-3-Kavrepalanchowk_1-Nepal_Sanghiya_Samajbadi_Party-12,34
Nepal-Pradesh-3-Kavrepalanchowk_1-Nepa_Rastriya_Party-13,33
Nepal-Pradesh-3-Kavrepalanchowk_1-Liberal_Democratic-14,14
Nepal-Pradesh-3-Kavrepalanchowk_1-Independent-15,13
Nepal-Pradesh-3-Kavrepalanchowk_2-NCP_UML-1,55526
Nepal-Pradesh-3-Kavrepalanchowk_2-Nepali_Congress-2,36753
Nepal-Pradesh-3-Kavrepalanchowk_2-Nepali_Janata_Dal-3,1106
Nepal-Pradesh-3-Kavrepalanchowk_2-Bibeksheel_Sajha-4,877
Nepal-Pradesh-3-Kavrepalanchowk_2-NCP_Maale-5,725
Nepal-Pradesh-3-Kavrepalanchowk_2-Nepal_Majdur_Kisaan_Party-6,707
Nepal-Pradesh-3-Kavrepalanchowk_2-NayaSakti-7,315
Nepal-Pradesh-3-Kavrepalanchowk_2-Rastriya_Janata_Party-8,206
Nepal-Pradesh-3-Kavrepalanchowk_2-Deshbhakta_Ganatantrik_Morcha-9,153
Nepal-Pradesh-3-Kavrepalanchowk_2-Sanghiya_Samajbadi_Forum_Nepal-10,127
Nepal-Pradesh-3-Kavrepalanchowk_2-Independent-11,61
Nepal-Pradesh-3-Sindhupalchowk_1-NCP_Maobadi-1,40504
Nepal-Pradesh-3-Sindhupalchowk_1-Nepali_Congress-2,29798
Nepal-Pradesh-3-Sindhupalchowk_1-Janasawajbadi_Party-3,1702
Nepal-Pradesh-3-Sindhupalchowk_1-Sanghiya_Samajbadi_Forum_Nepal-4,283
Nepal-Pradesh-3-Sindhupalchowk_1-Rastriya_Janamorcha-5,248
Nepal-Pradesh-3-Sindhupalchowk_1-Unified_RPP_Rastrabadi-6,151
Nepal-Pradesh-3-Sindhupalchowk_1-NayaSakti-7,125
Nepal-Pradesh-3-Sindhupalchowk_1-Aamul_Paribartan_Masiha-8,110
Nepal-Pradesh-3-Sindhupalchowk_1-Sanghiya_Khumbuban-9,108
Nepal-Pradesh-3-Sindhupalchowk_1-Nepal_Majdur_Kisaan_Party-10,83
Nepal-Pradesh-3-Sindhupalchowk_1-Tamangsaling_Loktantrik-11,77
Nepal-Pradesh-3-Sindhupalchowk_1-Deshbhakta_Ganatantrik_Morcha-12,37
Nepal-Pradesh-3-Sindhupalchowk_1-Nepal_Sanghiya_Samajbadi_Party-13,22
Nepal-Pradesh-3-Sindhupalchowk_2-NCP_UML-1,38401
Nepal-Pradesh-3-Sindhupalchowk_2-RPP_Democratic-2,30369
Nepal-Pradesh-3-Sindhupalchowk_2-Unified_RPP_Rastrabadi-3,1341
Nepal-Pradesh-3-Sindhupalchowk_2-NCP_Maale-4,1279
Nepal-Pradesh-3-Sindhupalchowk_2-Bibeksheel_Sajha-5,153
Nepal-Pradesh-3-Sindhupalchowk_2-NayaSakti-6,130
Nepal-Pradesh-3-Sindhupalchowk_2-Independent-7,68
Nepal-Pradesh-3-Sindhupalchowk_2-Deshbhakta_Ganatantrik_Morcha-8,55
Nepal-Pradesh-3-Sindhupalchowk_2-Rastriya_Janamorcha-9,38
Nepal-Pradesh-3-Makwanpur_1-NCP_UML-1,40631
Nepal-Pradesh-3-Makwanpur_1-RPP-2,34658
Nepal-Pradesh-3-Makwanpur_1-NCP_Maale-3,1419
Nepal-Pradesh-3-Makwanpur_1-Bibeksheel_Sajha-4,1356
Nepal-Pradesh-3-Makwanpur_1-Independent-5,467
Nepal-Pradesh-3-Makwanpur_1-Sanghiya_Samajbadi_Forum_Nepal-6,263
Nepal-Pradesh-3-Makwanpur_1-Rastriya_Janamukti_Party-7,238
Nepal-Pradesh-3-Makwanpur_1-Deshbhakta_Ganatantrik_Morcha-8,184
Nepal-Pradesh-3-Makwanpur_1-NayaSakti-9,171
Nepal-Pradesh-3-Makwanpur_1-Unified_RPP_Rastrabadi-10,84
Nepal-Pradesh-3-Makwanpur_1-Rastriya_Janamorcha-11,59
Nepal-Pradesh-3-Makwanpur_1-Mangol_National_Org-12,53
Nepal-Pradesh-3-Makwanpur_1-Nepal_Majdur_Kisaan_Party-13,51
Nepal-Pradesh-3-Makwanpur_1-Independent-14,48
Nepal-Pradesh-3-Makwanpur_1-Nepal_Sanghiya_Samajbadi_Party-15,32
Nepal-Pradesh-3-Makwanpur_1-Independent-16,12
Nepal-Pradesh-3-Makwanpur_2-NCP_UML-1,46481
Nepal-Pradesh-3-Makwanpur_2-Nepali_Congress-2,34090
Nepal-Pradesh-3-Makwanpur_2-NayaSakti-3,621
Nepal-Pradesh-3-Makwanpur_2-Bibeksheel_Sajha-4,469
Nepal-Pradesh-3-Makwanpur_2-Rastriya_Janamorcha-5,286
Nepal-Pradesh-3-Makwanpur_2-Deshbhakta_Ganatantrik_Morcha-6,195
Nepal-Pradesh-3-Makwanpur_2-Independent-7,192
Nepal-Pradesh-3-Makwanpur_2-Mangol_National_Org-8,144
Nepal-Pradesh-3-Makwanpur_2-Independent-9,87
Nepal-Pradesh-3-Makwanpur_2-Rastriya_Janamukti_Party-10,58
Nepal-Pradesh-3-Makwanpur_2-Independent-11,22
Nepal-Pradesh-3-Chitwan_1-NCP_UML-1,51080
Nepal-Pradesh-3-Chitwan_1-Nepali_Congress-2,35360
Nepal-Pradesh-3-Chitwan_1-Bibeksheel_Sajha-3,718
Nepal-Pradesh-3-Chitwan_1-NayaSakti-4,163
Nepal-Pradesh-3-Chitwan_1-Rastriya_Janata_Party-5,140
Nepal-Pradesh-3-Chitwan_1-Rastriya_Janamorcha-6,136
Nepal-Pradesh-3-Chitwan_1-Deshbhakta_Ganatantrik_Morcha-7,98
Nepal-Pradesh-3-Chitwan_1-Nepal_Majdur_Kisaan_Party-8,62
Nepal-Pradesh-3-Chitwan_1-Sanghiya_Samajbadi_Forum_Nepal-9,55
Nepal-Pradesh-3-Chitwan_1-Mangol_National_Org-10,40
Nepal-Pradesh-3-Chitwan_1-Independent-11,23
Nepal-Pradesh-3-Chitwan_1-Independent-12,15
Nepal-Pradesh-3-Chitwan_1-Independent-13,14
Nepal-Pradesh-3-Chitwan_2-NCP_UML-1,44670
Nepal-Pradesh-3-Chitwan_2-Nepali_Congress-2,27314
Nepal-Pradesh-3-Chitwan_2-Bibeksheel_Sajha-3,1245
Nepal-Pradesh-3-Chitwan_2-NayaSakti-4,473
Nepal-Pradesh-3-Chitwan_2-Unified_RPP_Rastrabadi-5,457
Nepal-Pradesh-3-Chitwan_2-Deshbhakta_Ganatantrik_Morcha-6,178
Nepal-Pradesh-3-Chitwan_2-Rastriya_Janamorcha-7,123
Nepal-Pradesh-3-Chitwan_2-Independent-8,96
Nepal-Pradesh-3-Chitwan_2-Rastriya_Janata_Party-9,91
Nepal-Pradesh-3-Chitwan_2-Sanghiya_Samajbadi_Forum_Nepal-10,67
Nepal-Pradesh-3-Chitwan_2-Nepal_Majdur_Kisaan_Party-11,58
Nepal-Pradesh-3-Chitwan_2-Mangol_National_Org-12,58
Nepal-Pradesh-3-Chitwan_2-Rastriya_Janamukti_Party-13,50
Nepal-Pradesh-3-Chitwan_2-Independent-14,36
Nepal-Pradesh-3-Chitwan_2-Independent-15,15
Nepal-Pradesh-3-Chitwan_3-NCP_Maobadi-1,48276
Nepal-Pradesh-3-Chitwan_3-RPP_Democratic-2,38935
Nepal-Pradesh-3-Chitwan_3-NCP_Maale-3,1587
Nepal-Pradesh-3-Chitwan_3-Bibeksheel_Sajha-4,441
Nepal-Pradesh-3-Chitwan_3-Independent-5,355
Nepal-Pradesh-3-Chitwan_3-Deshbhakta_Ganatantrik_Morcha-6,256
Nepal-Pradesh-3-Chitwan_3-Independent-7,140
Nepal-Pradesh-3-Chitwan_3-Sanghiya_Samajbadi_Forum_Nepal-8,129
Nepal-Pradesh-3-Chitwan_3-Nepal_Dalit_Party-9,106
Nepal-Pradesh-3-Chitwan_3-Nepal_Majdur_Kisaan_Party-10,23
Nepal-Pradesh-3-Chitwan_3-Independent-11,22
Nepal-Pradesh-3-Chitwan_3-Independent-12,11
Nepal-Pradesh-3-Chitwan_3-Independent-13,9
Nepal-Pradesh-3-Chitwan_3-Independent-14,3
Nepal-Pradesh-4-Gorkha_1-NCP_Maobadi-1,29860
Nepal-Pradesh-4-Gorkha_1-Nepali_Congress-2,26643
Nepal-Pradesh-4-Gorkha_1-NCP_Maale-3,1639
Nepal-Pradesh-4-Gorkha_1-Sanghiya_Samajbadi_Forum_Nepal-4,539
Nepal-Pradesh-4-Gorkha_1-Bibeksheel_Sajha-5,256
Nepal-Pradesh-4-Gorkha_1-Nepal_Sanghiya_Samajbadi_Party-6,156
Nepal-Pradesh-4-Gorkha_1-Mangol_National_Org-7,110
Nepal-Pradesh-4-Gorkha_1-Deshbhakta_Ganatantrik_Morcha-8,81
Nepal-Pradesh-4-Gorkha_2-NayaSakti-1,31807
Nepal-Pradesh-4-Gorkha_2-NCP_Maobadi-2,24933
Nepal-Pradesh-4-Gorkha_2-Aamul_Paribartan_Masiha-3,180
Nepal-Pradesh-4-Gorkha_2-Bibeksheel_Sajha-5,139
Nepal-Pradesh-4-Gorkha_2-Rastriya_Janamukti_Party-6,121
Nepal-Pradesh-4-Gorkha_2-Mangol_National_Org-7,115
Nepal-Pradesh-4-Gorkha_2-Deshbhakta_Ganatantrik_Morcha-8,89
Nepal-Pradesh-4-Gorkha_2-Nepal_Sanghiya_Samajbadi_Party-9,56
Nepal-Pradesh-4-Gorkha_2-Nepal_Majdur_Kisaan_Party-1,39
Nepal-Pradesh-4-Manang_1-NCP_UML-2,2300
Nepal-Pradesh-4-Manang_1-Nepali_Congress-1,2021
Nepal-Pradesh-4-Lamjung_1-NCP_Maobadi-2,39468
Nepal-Pradesh-4-Lamjung_1-Nepali_Congress-3,31067
Nepal-Pradesh-4-Lamjung_1-Janasawajbadi_Party-4,1406
Nepal-Pradesh-4-Lamjung_1-Independent-5,732
Nepal-Pradesh-4-Lamjung_1-Bibeksheel_Sajha-6,618
Nepal-Pradesh-4-Lamjung_1-NayaSakti-7,602
Nepal-Pradesh-4-Lamjung_1-Sanghiya_Samajbadi_Forum_Nepal-8,399
Nepal-Pradesh-4-Lamjung_1-Rastriya_Janamukti_Party-9,103
Nepal-Pradesh-4-Lamjung_1-Deshbhakta_Samaj-10,92
Nepal-Pradesh-4-Lamjung_1-Mangol_National_Org-11,64
Nepal-Pradesh-4-Lamjung_1-Deshbhakta_Ganatantrik_Morcha-1,29
Nepal-Pradesh-4-Kaski_1-NCP_UML-2,39242
Nepal-Pradesh-4-Kaski_1-Nepali_Congress-3,25826
Nepal-Pradesh-4-Kaski_1-Sanghiya_Samajbadi_Forum_Nepal-4,786
Nepal-Pradesh-4-Kaski_1-Bibeksheel_Sajha-5,589
Nepal-Pradesh-4-Kaski_1-Nepali_Congress_BP-6,346
Nepal-Pradesh-4-Kaski_1-NayaSakti-7,234
Nepal-Pradesh-4-Kaski_1-Mangol_National_Org-8,175
Nepal-Pradesh-4-Kaski_1-Deshbhakta_Ganatantrik_Morcha-9,105
Nepal-Pradesh-4-Kaski_1-Rastriya_Janamorcha-10,100
Nepal-Pradesh-4-Kaski_1-Aamul_Paribartan_Masiha-11,73
Nepal-Pradesh-4-Kaski_1-Nepal_Dalit_Party-1,10
Nepal-Pradesh-4-Kaski_2-NCP_UML-2,27207
Nepal-Pradesh-4-Kaski_2-Nepali_Congress-3,18661
Nepal-Pradesh-4-Kaski_2-Bibeksheel_Sajha-4,843
Nepal-Pradesh-4-Kaski_2-NCP_Maale-5,539
Nepal-Pradesh-4-Kaski_2-Sanghiya_Samajbadi_Forum_Nepal-6,340
Nepal-Pradesh-4-Kaski_2-NayaSakti-7,283
Nepal-Pradesh-4-Kaski_2-Mangol_National_Org-8,130
Nepal-Pradesh-4-Kaski_2-Independent-9,119
Nepal-Pradesh-4-Kaski_2-Rastriya_Janamorcha-10,108
Nepal-Pradesh-4-Kaski_2-Deshbhakta_Ganatantrik_Morcha-11,82
Nepal-Pradesh-4-Kaski_2-Nepal_Dalit_Party-12,65
Nepal-Pradesh-4-Kaski_2-Rastriya_Janamukti_Party-13,51
Nepal-Pradesh-4-Kaski_2-Sanghiya_Loktantrik-1,21
Nepal-Pradesh-4-Kaski_3-NCP_UML-2,32690
Nepal-Pradesh-4-Kaski_3-Nepali_Congress-3,24304
Nepal-Pradesh-4-Kaski_3-Bibeksheel_Sajha-4,827
Nepal-Pradesh-4-Kaski_3-Janasawajbadi_Party-5,735
Nepal-Pradesh-4-Kaski_3-NayaSakti-6,476
Nepal-Pradesh-4-Kaski_3-Sanghiya_Samajbadi_Forum_Nepal-7,347
Nepal-Pradesh-4-Kaski_3-Rastriya_Janamorcha-8,154
Nepal-Pradesh-4-Kaski_3-Mangol_National_Org-9,75
Nepal-Pradesh-4-Kaski_3-Deshbhakta_Ganatantrik_Morcha-10,50
Nepal-Pradesh-4-Kaski_3-Nepal_Dalit_Party-11,21
Nepal-Pradesh-4-Kaski_3-Independent-1,17
Nepal-Pradesh-4-Tanahun_1-NCP_UML-2,34492
Nepal-Pradesh-4-Tanahun_1-Nepali_Congress-3,27690
Nepal-Pradesh-4-Tanahun_1-NCP_Maale-4,1231
Nepal-Pradesh-4-Tanahun_1-Rastriya_Janamukti_Party-5,457
Nepal-Pradesh-4-Tanahun_1-Unified_RPP_Rastrabadi-6,198
Nepal-Pradesh-4-Tanahun_1-Rastriya_Janamorcha-7,67
Nepal-Pradesh-4-Tanahun_1-Deshbhakta_Ganatantrik_Morcha-8,53
Nepal-Pradesh-4-Tanahun_1-Independent-9,52
Nepal-Pradesh-4-Tanahun_1-NCP_Maxist-10,40
Nepal-Pradesh-4-Tanahun_1-Mangol_National_Org-11,34
Nepal-Pradesh-4-Tanahun_1-Independent-1,17
Nepal-Pradesh-4-Tanahun_2-NCP_UML-2,32924
Nepal-Pradesh-4-Tanahun_2-Nepali_Congress-3,29645
Nepal-Pradesh-4-Tanahun_2-NCP_Maale-4,1168
Nepal-Pradesh-4-Tanahun_2-Rastriya_Janamukti_Party-5,800
Nepal-Pradesh-4-Tanahun_2-NayaSakti-6,206
Nepal-Pradesh-4-Tanahun_2-Nepali_Congress_BP-7,179
Nepal-Pradesh-4-Tanahun_2-Rastriya_Janamorcha-8,114
Nepal-Pradesh-4-Tanahun_2-Mangol_National_Org-9,93
Nepal-Pradesh-4-Tanahun_2-Unified_RPP_Rastrabadi-10,80
Nepal-Pradesh-4-Tanahun_2-Deshbhakta_Ganatantrik_Morcha-1,56
Nepal-Pradesh-4-Synagja_1-NCP_UML-2,39226
Nepal-Pradesh-4-Synagja_1-Nepali_Congress-3,28662
Nepal-Pradesh-4-Synagja_1-NayaSakti-4,264
Nepal-Pradesh-4-Synagja_1-Mangol_National_Org-5,118
Nepal-Pradesh-4-Synagja_1-Rastriya_Janamukti_Party-6,105
Nepal-Pradesh-4-Synagja_1-Rastriya_Janamorcha-7,71
Nepal-Pradesh-4-Synagja_1-Independent-1,30
Nepal-Pradesh-4-Synagja_2-NCP_UML-2,35142
Nepal-Pradesh-4-Synagja_2-Nepali_Congress-3,31436
Nepal-Pradesh-4-Synagja_2-Rastriya_Janamukti_Party-4,483
Nepal-Pradesh-4-Synagja_2-Rastriya_Janamorcha-5,180
Nepal-Pradesh-4-Synagja_2-Mangol_National_Org-6,143
Nepal-Pradesh-4-Synagja_2-Sanghiya_Samajbadi_Forum_Nepal-7,133
Nepal-Pradesh-4-Synagja_2-NayaSakti-8,129
Nepal-Pradesh-4-Synagja_2-Nepali_Congress_BP-1,9
Nepal-Pradesh-4-Nawalpur_1-Nepali_Congress-2,40620
Nepal-Pradesh-4-Nawalpur_1-NCP_Maobadi-3,36596
Nepal-Pradesh-4-Nawalpur_1-Bibeksheel_Sajha-4,1082
Nepal-Pradesh-4-Nawalpur_1-NayaSakti-5,843
Nepal-Pradesh-4-Nawalpur_1-Rastriya_Janamukti_Party-6,711
Nepal-Pradesh-4-Nawalpur_1-Mangol_National_Org-7,634
Nepal-Pradesh-4-Nawalpur_1-Rastriya_Janamorcha-8,573
Nepal-Pradesh-4-Nawalpur_1-Deshbhakta_Ganatantrik_Morcha-1,165
Nepal-Pradesh-4-Nawalpur_2-NCP_UML-2,39053
Nepal-Pradesh-4-Nawalpur_2-Nepali_Congress-3,37720
Nepal-Pradesh-4-Nawalpur_2-Rastriya_Janamukti_Party-4,543
Nepal-Pradesh-4-Nawalpur_2-Rastriya_Janata_Party-5,296
Nepal-Pradesh-4-Nawalpur_2-NayaSakti-6,278
Nepal-Pradesh-4-Nawalpur_2-Rastriya_Janamorcha-7,207
Nepal-Pradesh-4-Nawalpur_2-Sanghiya_Samajbadi_Forum_Nepal-8,79
Nepal-Pradesh-4-Nawalpur_2-Deshbhakta_Ganatantrik_Morcha-9,69
Nepal-Pradesh-4-Nawalpur_2-Independent-10,32
Nepal-Pradesh-4-Nawalpur_2-Independent-11,26
Nepal-Pradesh-4-Nawalpur_2-Independent-12,25
Nepal-Pradesh-4-Nawalpur_2-Independent-1,20
Nepal-Pradesh-4-Mustang_1-NCP_UML-2,3544
Nepal-Pradesh-4-Mustang_1-Nepali_Congress-1,3181
Nepal-Pradesh-4-Myagdi_1-NCP_UML-2,23308
Nepal-Pradesh-4-Myagdi_1-Nepali_Congress-3,20980
Nepal-Pradesh-4-Myagdi_1-Unified_RPP_Rastrabadi-4,309
Nepal-Pradesh-4-Myagdi_1-NayaSakti-5,142
Nepal-Pradesh-4-Myagdi_1-Mangol_National_Org-6,113
Nepal-Pradesh-4-Myagdi_1-Rastriya_Janamorcha-7,97
Nepal-Pradesh-4-Myagdi_1-Rastriya_Janamukti_Party-1,30
Nepal-Pradesh-4-Baglung_1-NCP_UML-2,33657
Nepal-Pradesh-4-Baglung_1-Nepali_Congress-3,20616
Nepal-Pradesh-4-Baglung_1-NayaSakti-4,256
Nepal-Pradesh-4-Baglung_1-NCP_Maale-5,212
Nepal-Pradesh-4-Baglung_1-Sanghiya_Samajbadi_Forum_Nepal-6,115
Nepal-Pradesh-4-Baglung_1-Unified_RPP_Rastrabadi-1,80
Nepal-Pradesh-4-Baglung_2-NCP_Maobadi-2,28827
Nepal-Pradesh-4-Baglung_2-Nepali_Congress-3,19905
Nepal-Pradesh-4-Baglung_2-Deshbhakta_Ganatantrik_Morcha-4,586
Nepal-Pradesh-4-Baglung_2-Aamul_Paribartan_Masiha-5,262
Nepal-Pradesh-4-Baglung_2-Sanghiya_Samajbadi_Forum_Nepal-1,180
Nepal-Pradesh-4-Parbat_1-NCP_UML-2,39275
Nepal-Pradesh-4-Parbat_1-Nepali_Congress-3,26819
Nepal-Pradesh-4-Parbat_1-NCP_Maale-4,599
Nepal-Pradesh-4-Parbat_1-Rastriya_Janamukti_Party-5,255
Nepal-Pradesh-4-Parbat_1-Rastriya_Janamorcha-6,234
Nepal-Pradesh-4-Parbat_1-Deshbhakta_Ganatantrik_Morcha-7,88
Nepal-Pradesh-4-Parbat_1-Mangol_National_Org-8,82
Nepal-Pradesh-4-Parbat_1-NayaSakti-9,81
Nepal-Pradesh-4-Parbat_1-Sanghiya_Samajbadi_Forum_Nepal-10,59
Nepal-Pradesh-4-Parbat_1-Unified_RPP_Rastrabadi-11,36
Nepal-Pradesh-4-Parbat_1-Gandhibadi_Party_Nepal-12,36
Nepal-Pradesh-4-Parbat_1-Independent-13,7
Nepal-Pradesh-4-Parbat_1-Independent-14,6
Nepal-Pradesh-4-Parbat_1-Independent-1,5
Nepal-Pradesh-5-Gulmi_1-NCP_UML-2,37814
Nepal-Pradesh-5-Gulmi_1-Nepali_Congress-3,30256
Nepal-Pradesh-5-Gulmi_1-Rastriya_Janamorcha-4,267
Nepal-Pradesh-5-Gulmi_1-Rastriya_Janamukti_Party-5,110
Nepal-Pradesh-5-Gulmi_1-NayaSakti-6,102
Nepal-Pradesh-5-Gulmi_1-Deshbhakta_Ganatantrik_Morcha-7,97
Nepal-Pradesh-5-Gulmi_1-Mangol_National_Org-8,92
Nepal-Pradesh-5-Gulmi_1-Sanghiya_Samajbadi_Forum_Nepal-9,47
Nepal-Pradesh-5-Gulmi_1-Independent-10,40
Nepal-Pradesh-5-Gulmi_1-Independent-11,19
Nepal-Pradesh-5-Gulmi_1-Independent-1,5
Nepal-Pradesh-5-Gulmi_2-NCP_UML-2,34618
Nepal-Pradesh-5-Gulmi_2-Nepali_Congress-3,20157
Nepal-Pradesh-5-Gulmi_2-Rastriya_Janamorcha-4,453
Nepal-Pradesh-5-Gulmi_2-NayaSakti-5,296
Nepal-Pradesh-5-Gulmi_2-Mangol_National_Org-6,193
Nepal-Pradesh-5-Gulmi_2-Sanghiya_Samajbadi_Forum_Nepal-7,73
Nepal-Pradesh-5-Gulmi_2-Independent-8,27
Nepal-Pradesh-5-Gulmi_2-Independent-9,22
Nepal-Pradesh-5-Gulmi_2-Independent-1,12
Nepal-Pradesh-5-Palpa_1-NCP_UML-2,32549
Nepal-Pradesh-5-Palpa_1-Nepali_Congress-3,23993
Nepal-Pradesh-5-Palpa_1-Mangol_National_Org-4,1086
Nepal-Pradesh-5-Palpa_1-Rastriya_Janamorcha-5,226
Nepal-Pradesh-5-Palpa_1-Rastriya_Janamukti_Party-6,121
Nepal-Pradesh-5-Palpa_1-Sanghiya_Samajbadi_Forum_Nepal-7,76
Nepal-Pradesh-5-Palpa_1-Independent-8,31
Nepal-Pradesh-5-Palpa_1-Independent-,26
Nepal-Pradesh-5-Palpa_1-Deshbhakta_Ganatantrik_Morcha-10,25
Nepal-Pradesh-5-Palpa_1-Independent-11,15
Nepal-Pradesh-5-Palpa_1-Independent-1,8
Nepal-Pradesh-5-Palpa_2-NCP_UML-2,34899
Nepal-Pradesh-5-Palpa_2-Nepali_Congress-3,24554
Nepal-Pradesh-5-Palpa_2-Mangol_National_Org-4,1005
Nepal-Pradesh-5-Palpa_2-Rastriya_Janamukti_Party-5,794
Nepal-Pradesh-5-Palpa_2-Rastriya_Janamorcha-6,569
Nepal-Pradesh-5-Palpa_2-Unified_RPP_Rastrabadi-7,145
Nepal-Pradesh-5-Palpa_2-Independent-8,81
Nepal-Pradesh-5-Palpa_2-Sanghiya_Samajbadi_Forum_Nepal-9,65
Nepal-Pradesh-5-Palpa_2-NCP_Maxist-10,19
Nepal-Pradesh-5-Palpa_2-Independent-1,11
Nepal-Pradesh-5-Arghakhaanchi_1-NCP_Maobadi-2,50837
Nepal-Pradesh-5-Arghakhaanchi_1-Nepali_Congress-3,32544
Nepal-Pradesh-5-Arghakhaanchi_1-NayaSakti-4,580
Nepal-Pradesh-5-Arghakhaanchi_1-Bibeksheel_Sajha-5,480
Nepal-Pradesh-5-Arghakhaanchi_1-Unified_RPP_Rastrabadi-6,178
Nepal-Pradesh-5-Arghakhaanchi_1-Mangol_National_Org-7,137
Nepal-Pradesh-5-Arghakhaanchi_1-Independent-1,136
Nepal-Pradesh-5-Rupandehi_1-NCP_UML-2,34752
Nepal-Pradesh-5-Rupandehi_1-Nepali_Congress-3,26885
Nepal-Pradesh-5-Rupandehi_1-Sanghiya_Samajbadi_Forum_Nepal-4,12764
Nepal-Pradesh-5-Rupandehi_1-Rastriya_Janamukti_Party-5,3548
Nepal-Pradesh-5-Rupandehi_1-Rastriya_Janata_Party-6,2374
Nepal-Pradesh-5-Rupandehi_1-Unified_RPP_Rastrabadi-7,998
Nepal-Pradesh-5-Rupandehi_1-Bahujan_Shakti_Party-8,582
Nepal-Pradesh-5-Rupandehi_1-Mangol_National_Org-9,288
Nepal-Pradesh-5-Rupandehi_1-Rastriya_Janamorcha-10,166
Nepal-Pradesh-5-Rupandehi_1-Deshbhakta_Ganatantrik_Morcha-11,101
Nepal-Pradesh-5-Rupandehi_1-NCP_Maxist-12,94
Nepal-Pradesh-5-Rupandehi_1-Independent-13,46
Nepal-Pradesh-5-Rupandehi_1-Independent-14,31
Nepal-Pradesh-5-Rupandehi_1-Independent-15,25
Nepal-Pradesh-5-Rupandehi_1-Independent-1,20
Nepal-Pradesh-5-Rupandehi_2-NCP_UML-2,44009
Nepal-Pradesh-5-Rupandehi_2-Nepali_Congress-3,21946
Nepal-Pradesh-5-Rupandehi_2-Rastriya_Janamukti_Party-4,3568
Nepal-Pradesh-5-Rupandehi_2-Bibeksheel_Sajha-5,1323
Nepal-Pradesh-5-Rupandehi_2-Sanghiya_Samajbadi_Forum_Nepal-6,435
Nepal-Pradesh-5-Rupandehi_2-NayaSakti-7,411
Nepal-Pradesh-5-Rupandehi_2-Rastriya_Janamorcha-8,377
Nepal-Pradesh-5-Rupandehi_2-Deshbhakta_Ganatantrik_Morcha-9,160
Nepal-Pradesh-5-Rupandehi_2-Unified_RPP_Rastrabadi-10,120
Nepal-Pradesh-5-Rupandehi_2-Nepal_Majdur_Kisaan_Party-11,57
Nepal-Pradesh-5-Rupandehi_2-Independent-12,21
Nepal-Pradesh-5-Rupandehi_2-Independent-13,14
Nepal-Pradesh-5-Rupandehi_2-Independent-14,13
Nepal-Pradesh-5-Rupandehi_2-Independent-15,11
Nepal-Pradesh-5-Rupandehi_2-Independent-16,6
Nepal-Pradesh-5-Rupandehi_2-Independent-1,3
Nepal-Pradesh-5-Rupandehi_3-NCP_UML-2,32866
Nepal-Pradesh-5-Rupandehi_3-RPP_Democratic-3,27422
Nepal-Pradesh-5-Rupandehi_3-Sanghiya_Samajbadi_Forum_Nepal-4,12536
Nepal-Pradesh-5-Rupandehi_3-Rastriya_Janamukti_Party-5,2409
Nepal-Pradesh-5-Rupandehi_3-Unified_RPP_Rastrabadi-6,1856
Nepal-Pradesh-5-Rupandehi_3-Bibeksheel_Sajha-7,746
Nepal-Pradesh-5-Rupandehi_3-Independent-8,490
Nepal-Pradesh-5-Rupandehi_3-Independent-9,457
Nepal-Pradesh-5-Rupandehi_3-NayaSakti-10,343
Nepal-Pradesh-5-Rupandehi_3-Deshbhakta_Ganatantrik_Morcha-11,275
Nepal-Pradesh-5-Rupandehi_3-Independent-12,151
Nepal-Pradesh-5-Rupandehi_3-Rastriya_Janamorcha-13,135
Nepal-Pradesh-5-Rupandehi_3-Nepali_Congress_BP-14,93
Nepal-Pradesh-5-Rupandehi_3-Nepal_Yuba_Kisaan_Party-15,55
Nepal-Pradesh-5-Rupandehi_3-Independent-16,36
Nepal-Pradesh-5-Rupandehi_3-Independent-17,31
Nepal-Pradesh-5-Rupandehi_3-Independent-18,27
Nepal-Pradesh-5-Rupandehi_3-Independent-19,20
Nepal-Pradesh-5-Rupandehi_3-Independent-20,16
Nepal-Pradesh-5-Rupandehi_3-Independent-21,12
Nepal-Pradesh-5-Rupandehi_3-Independent-1,7
Nepal-Pradesh-5-Rupandehi_4-Nepali_Congress-2,31718
Nepal-Pradesh-5-Rupandehi_4-Rastriya_Janata_Party-3,20416
Nepal-Pradesh-5-Rupandehi_4-NCP_UML-4,4079
Nepal-Pradesh-5-Rupandehi_4-Sanghiya_Samajbadi_Forum_Nepal-5,2306
Nepal-Pradesh-5-Rupandehi_4-Nepal_Janata_Party-6,748
Nepal-Pradesh-5-Rupandehi_4-Nepal_Yuba_Kisaan_Party-7,491
Nepal-Pradesh-5-Rupandehi_4-Deshbhakta_Loktantrik_Party-8,249
Nepal-Pradesh-5-Rupandehi_4-Unified_RPP_Rastrabadi-9,220
Nepal-Pradesh-5-Rupandehi_4-Rastriya_Janamukti_Party-10,217
Nepal-Pradesh-5-Rupandehi_4-Deshbhakta_Ganatantrik_Morcha-11,135
Nepal-Pradesh-5-Rupandehi_4-Independent-12,128
Nepal-Pradesh-5-Rupandehi_4-NCP_Maxist-13,94
Nepal-Pradesh-5-Rupandehi_4-Independent-14,90
Nepal-Pradesh-5-Rupandehi_4-Independent-15,49
Nepal-Pradesh-5-Rupandehi_4-Independent-16,42
Nepal-Pradesh-5-Rupandehi_4-Independent-1,28
Nepal-Pradesh-5-Rupandehi_5-Nepali_Congress-2,33088
Nepal-Pradesh-5-Rupandehi_5-NCP_Maobadi-3,20438
Nepal-Pradesh-5-Rupandehi_5-Sanghiya_Samajbadi_Forum_Nepal-4,14121
Nepal-Pradesh-5-Rupandehi_5-NCP_Maale-5,1879
Nepal-Pradesh-5-Rupandehi_5-Rastriya_Janamukti_Party-6,1657
Nepal-Pradesh-5-Rupandehi_5-Rastriya_Janata_Party-7,1337
Nepal-Pradesh-5-Rupandehi_5-Rastriya_Janamorcha-8,454
Nepal-Pradesh-5-Rupandehi_5-Nepal_Yuba_Kisaan_Party-9,361
Nepal-Pradesh-5-Rupandehi_5-Deshbhakta_Ganatantrik_Morcha-10,216
Nepal-Pradesh-5-Rupandehi_5-Mangol_National_Org-11,172
Nepal-Pradesh-5-Rupandehi_5-Unified_RPP_Rastrabadi-12,127
Nepal-Pradesh-5-Rupandehi_5-NayaSakti-13,95
Nepal-Pradesh-5-Rupandehi_5-NCP_Maxist-14,73
Nepal-Pradesh-5-Rupandehi_5-Nepal_Majdur_Kisaan_Party-15,59
Nepal-Pradesh-5-Rupandehi_5-Independent-16,45
Nepal-Pradesh-5-Rupandehi_5-Independent-17,38
Nepal-Pradesh-5-Rupandehi_5-Independent-18,35
Nepal-Pradesh-5-Rupandehi_5-Independent-19,33
Nepal-Pradesh-5-Rupandehi_5-Independent-1,31
Nepal-Pradesh-5-Kapilbastu_1-NCP_Maobadi-2,29799
Nepal-Pradesh-5-Kapilbastu_1-Nepali_Congress-3,28853
Nepal-Pradesh-5-Kapilbastu_1-Sanghiya_Samajbadi_Forum_Nepal-4,11812
Nepal-Pradesh-5-Kapilbastu_1-NayaSakti-5,4689
Nepal-Pradesh-5-Kapilbastu_1-Janasawajbadi_Party-6,2346
Nepal-Pradesh-5-Kapilbastu_1-Rastriya_Janamukti_Party-7,822
Nepal-Pradesh-5-Kapilbastu_1-Nepal_Loktantrik_Janata_Congress-8,815
Nepal-Pradesh-5-Kapilbastu_1-Rastriya_Janamorcha-9,717
Nepal-Pradesh-5-Kapilbastu_1-Nepal_Janata_Party-10,337
Nepal-Pradesh-5-Kapilbastu_1-Deshbhakta_Ganatantrik_Morcha-11,284
Nepal-Pradesh-5-Kapilbastu_1-Nepal_Yuba_Kisaan_Party-12,126
Nepal-Pradesh-5-Kapilbastu_1-Independent-13,102
Nepal-Pradesh-5-Kapilbastu_1-Independent-14,89
Nepal-Pradesh-5-Kapilbastu_1-Independent-15,76
Nepal-Pradesh-5-Kapilbastu_1-Independent-16,58
Nepal-Pradesh-5-Kapilbastu_1-Independent-17,32
Nepal-Pradesh-5-Kapilbastu_1-Independent-1,30
Nepal-Pradesh-5-Kapilbastu_2-NCP_UML-2,35147
Nepal-Pradesh-5-Kapilbastu_2-Nepali_Congress-3,31566
Nepal-Pradesh-5-Kapilbastu_2-Rastriya_Janata_Party-4,2048
Nepal-Pradesh-5-Kapilbastu_2-Sanghiya_Samajbadi_Forum_Nepal-5,1774
Nepal-Pradesh-5-Kapilbastu_2-Janasawajbadi_Party-6,400
Nepal-Pradesh-5-Kapilbastu_2-Rastriya_Janamorcha-7,242
Nepal-Pradesh-5-Kapilbastu_2-Independent-8,239
Nepal-Pradesh-5-Kapilbastu_2-NayaSakti-9,132
Nepal-Pradesh-5-Kapilbastu_2-Unified_RPP_Rastrabadi-10,96
Nepal-Pradesh-5-Kapilbastu_2-Rastriya_Janamukti_Party-11,84
Nepal-Pradesh-5-Kapilbastu_2-Mangol_National_Org-12,76
Nepal-Pradesh-5-Kapilbastu_2-Deshbhakta_Ganatantrik_Morcha-13,52
Nepal-Pradesh-5-Kapilbastu_2-Independent-14,24
Nepal-Pradesh-5-Kapilbastu_2-Independent-15,18
Nepal-Pradesh-5-Kapilbastu_2-Independent-1,16
Nepal-Pradesh-5-Kapilbastu_3-Nepali_Congress-2,20001
Nepal-Pradesh-5-Kapilbastu_3-Sanghiya_Samajbadi_Forum_Nepal-3,15826
Nepal-Pradesh-5-Kapilbastu_3-NCP_UML-4,14330
Nepal-Pradesh-5-Kapilbastu_3-Bahujan_Shakti_Party-5,4999
Nepal-Pradesh-5-Kapilbastu_3-Rastriya_Janata_Party-6,4987
Nepal-Pradesh-5-Kapilbastu_3-Nepal_Sanghiya_Samajbadi_Party-7,1073
Nepal-Pradesh-5-Kapilbastu_3-NCP_Maale-8,645
Nepal-Pradesh-5-Kapilbastu_3-Rastriya_Janamorcha-9,450
Nepal-Pradesh-5-Kapilbastu_3-Deshbhakta_Ganatantrik_Morcha-10,267
Nepal-Pradesh-5-Kapilbastu_3-NayaSakti-11,243
Nepal-Pradesh-5-Kapilbastu_3-Mangol_National_Org-12,227
Nepal-Pradesh-5-Kapilbastu_3-Gandhibadi_Party_Nepal-13,178
Nepal-Pradesh-5-Kapilbastu_3-Independent-14,140
Nepal-Pradesh-5-Kapilbastu_3-Independent-15,48
Nepal-Pradesh-5-Kapilbastu_3-Independent-16,47
Nepal-Pradesh-5-Kapilbastu_3-Independent-17,38
Nepal-Pradesh-5-Kapilbastu_3-Independent-18,38
Nepal-Pradesh-5-Kapilbastu_3-Independent-19,37
Nepal-Pradesh-5-Kapilbastu_3-Independent-20,19
Nepal-Pradesh-5-Kapilbastu_3-Independent-21,19
Nepal-Pradesh-5-Kapilbastu_3-Independent-22,13
Nepal-Pradesh-5-Kapilbastu_3-Independent-1,12
Nepal-Pradesh-5-East Rukum_1-NCP_Maobadi-2,10434
Nepal-Pradesh-5-East Rukum_1-Nepali_Congress-3,4406
Nepal-Pradesh-5-East Rukum_1-NayaSakti-4,1489
Nepal-Pradesh-5-East Rukum_1-NCP_Maale-5,487
Nepal-Pradesh-5-East Rukum_1-Mangol_National_Org-6,58
Nepal-Pradesh-5-East Rukum_1-Rastriya_Janamorcha-1,52
Nepal-Pradesh-5-Rolpa_1-NCP_Maobadi-2,42084
Nepal-Pradesh-5-Rolpa_1-Nepali_Congress-3,20337
Nepal-Pradesh-5-Rolpa_1-Unified_RPP_Rastrabadi-4,1191
Nepal-Pradesh-5-Rolpa_1-Rastriya_Janamorcha-5,656
Nepal-Pradesh-5-Rolpa_1-Mangol_National_Org-6,305
Nepal-Pradesh-5-Rolpa_1-Deshbhakta_Ganatantrik_Morcha-7,286
Nepal-Pradesh-5-Rolpa_1-Sanghiya_Samajbadi_Forum_Nepal-8,276
Nepal-Pradesh-5-Rolpa_1-Rastriya_Janamukti_Party-1,161
Nepal-Pradesh-5-Pyuthan_1-Rastriya_Janamorcha-2,47514
Nepal-Pradesh-5-Pyuthan_1-Nepali_Congress-3,31286
Nepal-Pradesh-5-Pyuthan_1-NCP_Maale-4,2565
Nepal-Pradesh-5-Pyuthan_1-Deshbhakta_Ganatantrik_Morcha-5,478
Nepal-Pradesh-5-Pyuthan_1-NayaSakti-6,461
Nepal-Pradesh-5-Pyuthan_1-Unified_RPP_Rastrabadi-7,255
Nepal-Pradesh-5-Pyuthan_1-Mangol_National_Org-1,87
Nepal-Pradesh-5-Dang_1-NCP_UML-2,37908
Nepal-Pradesh-5-Dang_1-Nepali_Congress-3,24074
Nepal-Pradesh-5-Dang_1-Rastriya_Janamorcha-4,3784
Nepal-Pradesh-5-Dang_1-NCP_Maale-5,2012
Nepal-Pradesh-5-Dang_1-Sanghiya_Samajbadi_Forum_Nepal-6,573
Nepal-Pradesh-5-Dang_1-Nepali_Congress_BP-7,442
Nepal-Pradesh-5-Dang_1-NayaSakti-8,401
Nepal-Pradesh-5-Dang_1-Independent-9,265
Nepal-Pradesh-5-Dang_1-Sanghiya_Khumbuban-10,85
Nepal-Pradesh-5-Dang_1-Independent-11,20
Nepal-Pradesh-5-Dang_1-Independent-1,16
Nepal-Pradesh-5-Dang_2-NCP_Maobadi-2,40042
Nepal-Pradesh-5-Dang_2-Nepali_Congress-3,25897
Nepal-Pradesh-5-Dang_2-NCP_Maale-4,2204
Nepal-Pradesh-5-Dang_2-Rastriya_Janamorcha-5,529
Nepal-Pradesh-5-Dang_2-NayaSakti-6,286
Nepal-Pradesh-5-Dang_2-Rastriya_Janamukti_Party-7,229
Nepal-Pradesh-5-Dang_2-Sanghiya_Khumbuban-8,124
Nepal-Pradesh-5-Dang_2-Independent-9,98
Nepal-Pradesh-5-Dang_2-Mangol_National_Org-1,76
Nepal-Pradesh-5-Dang_3-NCP_UML-2,40287
Nepal-Pradesh-5-Dang_3-Nepali_Congress-3,33730
Nepal-Pradesh-5-Dang_3-NCP_Maale-4,1409
Nepal-Pradesh-5-Dang_3-Rastriya_Janamorcha-5,540
Nepal-Pradesh-5-Dang_3-NayaSakti-6,272
Nepal-Pradesh-5-Dang_3-Deshbhakta_Ganatantrik_Morcha-7,154
Nepal-Pradesh-5-Dang_3-Independent-8,48
Nepal-Pradesh-5-Dang_3-Sanghiya_Khumbuban-9,27
Nepal-Pradesh-5-Dang_3-Independent-10,26
Nepal-Pradesh-5-Dang_3-Independent-1,13
Nepal-Pradesh-5-Banke_1-NCP_Maobadi-2,31173
Nepal-Pradesh-5-Banke_1-Nepali_Congress-3,28217
Nepal-Pradesh-5-Banke_1-Sanghiya_Samajbadi_Forum_Nepal-4,4588
Nepal-Pradesh-5-Banke_1-Unified_RPP_Rastrabadi-5,626
Nepal-Pradesh-5-Banke_1-Bibeksheel_Sajha-6,393
Nepal-Pradesh-5-Banke_1-NayaSakti-7,381
Nepal-Pradesh-5-Banke_1-Rastriya_Janamorcha-8,334
Nepal-Pradesh-5-Banke_1-Nepal_Majdur_Kisaan_Party-9,210
Nepal-Pradesh-5-Banke_1-Rastriya_Janamukti_Party-10,175
Nepal-Pradesh-5-Banke_1-Deshbhakta_Ganatantrik_Morcha-1,146
Nepal-Pradesh-5-Banke_2-Sanghiya_Samajbadi_Forum_Nepal-2,21575
Nepal-Pradesh-5-Banke_2-NCP_UML-3,15951
Nepal-Pradesh-5-Banke_2-RPP-4,11622
Nepal-Pradesh-5-Banke_2-Rastriya_Janata_Party-5,1497
Nepal-Pradesh-5-Banke_2-Janasawajbadi_Party-6,683
Nepal-Pradesh-5-Banke_2-Unified_RPP_Rastrabadi-7,679
Nepal-Pradesh-5-Banke_2-Bibeksheel_Sajha-8,620
Nepal-Pradesh-5-Banke_2-Independent-9,485
Nepal-Pradesh-5-Banke_2-NayaSakti-10,282
Nepal-Pradesh-5-Banke_2-Independent-11,198
Nepal-Pradesh-5-Banke_2-Rastriya_Janamorcha-12,189
Nepal-Pradesh-5-Banke_2-Nepal_Sanghiya_Samajbadi_Party-13,174
Nepal-Pradesh-5-Banke_2-Deshbhakta_Ganatantrik_Morcha-14,114
Nepal-Pradesh-5-Banke_2-Nepal_Majdur_Kisaan_Party-15,74
Nepal-Pradesh-5-Banke_2-Rastriya_Janamukti_Party-16,74
Nepal-Pradesh-5-Banke_2-Independent-17,31
Nepal-Pradesh-5-Banke_2-Independent-1,25
Nepal-Pradesh-5-Banke_3-NCP_UML-2,31601
Nepal-Pradesh-5-Banke_3-Nepali_Congress-3,26617
Nepal-Pradesh-5-Banke_3-Sanghiya_Samajbadi_Forum_Nepal-4,2737
Nepal-Pradesh-5-Banke_3-Rastriya_Janata_Party-5,1711
Nepal-Pradesh-5-Banke_3-Rastriya_Janamorcha-6,340
Nepal-Pradesh-5-Banke_3-Deshbhakta_Ganatantrik_Morcha-7,227
Nepal-Pradesh-5-Banke_3-NayaSakti-8,205
Nepal-Pradesh-5-Banke_3-Nepal_Majdur_Kisaan_Party-1,125
Nepal-Pradesh-5-Bardiya_1-Nepali_Congress-2,44829
Nepal-Pradesh-5-Bardiya_1-NCP_UML-3,44076
Nepal-Pradesh-5-Bardiya_1-NCP_Maale-4,2372
Nepal-Pradesh-5-Bardiya_1-Sanghiya_Samajbadi_Forum_Nepal-5,697
Nepal-Pradesh-5-Bardiya_1-NayaSakti-6,455
Nepal-Pradesh-5-Bardiya_1-Unified_RPP_Rastrabadi-7,249
Nepal-Pradesh-5-Bardiya_1-Nepal_Dalit_Party-8,206
Nepal-Pradesh-5-Bardiya_1-Rastriya_Janamorcha-9,163
Nepal-Pradesh-5-Bardiya_1-Nepal_Majdur_Kisaan_Party-10,128
Nepal-Pradesh-5-Bardiya_1-Bibeksheel_Sajha-11,118
Nepal-Pradesh-5-Bardiya_1-Independent-12,99
Nepal-Pradesh-5-Bardiya_1-Deshbhakta_Ganatantrik_Morcha-13,70
Nepal-Pradesh-5-Bardiya_1-Rastriya_Janamukti_Party-1,43
Nepal-Pradesh-5-Bardiya_2-NCP_Maobadi-2,50555
Nepal-Pradesh-5-Bardiya_2-Nepali_Congress-3,36735
Nepal-Pradesh-5-Bardiya_2-NayaSakti-4,456
Nepal-Pradesh-5-Bardiya_2-Sanghiya_Samajbadi_Forum_Nepal-5,227
Nepal-Pradesh-5-Bardiya_2-Rastriya_Janamorcha-6,197
Nepal-Pradesh-5-Bardiya_2-Deshbhakta_Ganatantrik_Morcha-7,162
Nepal-Pradesh-5-Bardiya_2-Nepal_Majdur_Kisaan_Party-8,145
Nepal-Pradesh-5-Bardiya_2-Nepal_Dalit_Party-1,123
Nepal-Pradesh-5-Parasi_1-NCP_UML-2,38592
Nepal-Pradesh-5-Parasi_1-Nepali_Congress-3,33591
Nepal-Pradesh-5-Parasi_1-Rastriya_Janamukti_Party-4,1193
Nepal-Pradesh-5-Parasi_1-Rastriya_Janata_Party-5,907
Nepal-Pradesh-5-Parasi_1-Bibeksheel_Sajha-6,374
Nepal-Pradesh-5-Parasi_1-Sanghiya_Samajbadi_Forum_Nepal-7,317
Nepal-Pradesh-5-Parasi_1-Independent-8,229
Nepal-Pradesh-5-Parasi_1-Deshbhakta_Ganatantrik_Morcha-9,156
Nepal-Pradesh-5-Parasi_1-NayaSakti-10,142
Nepal-Pradesh-5-Parasi_1-Rastriya_Janamorcha-11,113
Nepal-Pradesh-5-Parasi_1-Bahujan_Samaj-12,73
Nepal-Pradesh-5-Parasi_1-Independent-13,35
Nepal-Pradesh-5-Parasi_1-Independent-14,33
Nepal-Pradesh-5-Parasi_1-Independent-15,18
Nepal-Pradesh-5-Parasi_1-Independent-1,9
Nepal-Pradesh-5-Parasi_2-Nepali_Congress-2,34130
Nepal-Pradesh-5-Parasi_2-NCP_Maobadi-3,23898
Nepal-Pradesh-5-Parasi_2-Rastriya_Janata_Party-4,16928
Nepal-Pradesh-5-Parasi_2-Sanghiya_Samajbadi_Forum_Nepal-5,1136
Nepal-Pradesh-5-Parasi_2-NayaSakti-6,641
Nepal-Pradesh-5-Parasi_2-Rastriya_Janamukti_Party-7,562
Nepal-Pradesh-5-Parasi_2-Bahujan_Shakti_Party-8,235
Nepal-Pradesh-5-Parasi_2-Rastriya_Janamorcha-9,213
Nepal-Pradesh-5-Parasi_2-Deshbhakta_Ganatantrik_Morcha-10,103
Nepal-Pradesh-5-Parasi_2-Deshbhakta_Loktantrik_Party-11,35
Nepal-Pradesh-5-Parasi_2-Independent-1,35
Nepal-Pradesh-6-Salyan_1-NCP_Maobadi-2,40897
Nepal-Pradesh-6-Salyan_1-Nepali_Congress-3,29767
Nepal-Pradesh-6-Salyan_1-Independent-4,2921
Nepal-Pradesh-6-Salyan_1-NCP_Maale-5,2292
Nepal-Pradesh-6-Salyan_1-Unified_RPP_Rastrabadi-6,637
Nepal-Pradesh-6-Salyan_1-Rastriya_Janamukti_Party-7,539
Nepal-Pradesh-6-Salyan_1-NayaSakti-8,380
Nepal-Pradesh-6-Salyan_1-Rastriya_Janamorcha-1,282
Nepal-Pradesh-6-Dolpa_1-NCP_UML-2,11761
Nepal-Pradesh-6-Dolpa_1-Nepali_Congress-3,3167
Nepal-Pradesh-6-Dolpa_1-NCP_Maale-4,299
Nepal-Pradesh-6-Dolpa_1-Rastriya_Janamukti_Party-1,22
Nepal-Pradesh-6-Mugu_1-NCP_UML-2,13034
Nepal-Pradesh-6-Mugu_1-Nepali_Congress-3,9861
Nepal-Pradesh-6-Mugu_1-NayaSakti-1,99
Nepal-Pradesh-6-Jumla_1-NCP_Maobadi-2,22173
Nepal-Pradesh-6-Jumla_1-Nepali_Congress-3,14149
Nepal-Pradesh-6-Jumla_1-Nepal_Majdur_Kisaan_Party-4,2718
Nepal-Pradesh-6-Jumla_1-Unified_RPP_Rastrabadi-5,380
Nepal-Pradesh-6-Jumla_1-Sanghiya_Samajbadi_Forum_Nepal-6,159
Nepal-Pradesh-6-Jumla_1-Independent-1,152
Nepal-Pradesh-6-Kalikot_1-NCP_Maobadi-2,21112
Nepal-Pradesh-6-Kalikot_1-Nepali_Congress-3,16407
Nepal-Pradesh-6-Kalikot_1-Nepal_Majdur_Kisaan_Party-4,878
Nepal-Pradesh-6-Kalikot_1-NCP_Maale-5,674
Nepal-Pradesh-6-Kalikot_1-Rastriya_Janamorcha-6,238
Nepal-Pradesh-6-Kalikot_1-Rastriya_Janata_Party-7,126
Nepal-Pradesh-6-Kalikot_1-Deshbhakta_Ganatantrik_Morcha-8,121
Nepal-Pradesh-6-Kalikot_1-NayaSakti-1,114
Nepal-Pradesh-6-Humla_1-Independent-2,8491
Nepal-Pradesh-6-Humla_1-Nepali_Congress-3,8444
Nepal-Pradesh-6-Humla_1-NCP_Maobadi-4,2856
Nepal-Pradesh-6-Humla_1-Janasawajbadi_Party-5,409
Nepal-Pradesh-6-Humla_1-NayaSakti-6,382
Nepal-Pradesh-6-Humla_1-Sanghiya_Samajbadi_Forum_Nepal-7,166
Nepal-Pradesh-6-Humla_1-Unified_RPP_Rastrabadi-1,85
Nepal-Pradesh-6-Jajarkot_1-NCP_Maobadi-2,32281
Nepal-Pradesh-6-Jajarkot_1-Nepali_Congress-3,23289
Nepal-Pradesh-6-Jajarkot_1-Unified_RPP_Rastrabadi-4,638
Nepal-Pradesh-6-Jajarkot_1-Sanghiya_Samajbadi_Forum_Nepal-5,335
Nepal-Pradesh-6-Jajarkot_1-NayaSakti-1,281
Nepal-Pradesh-6-Dailekh_1-NCP_UML-2,23773
Nepal-Pradesh-6-Dailekh_1-RPP-3,17252
Nepal-Pradesh-6-Dailekh_1-Nepal_Majdur_Kisaan_Party-4,534
Nepal-Pradesh-6-Dailekh_1-Unified_RPP_Rastrabadi-5,346
Nepal-Pradesh-6-Dailekh_1-Rastriya_Janamorcha-6,317
Nepal-Pradesh-6-Dailekh_1-Independent-7,315
Nepal-Pradesh-6-Dailekh_1-NayaSakti-8,156
Nepal-Pradesh-6-Dailekh_1-Deshbhakta_Ganatantrik_Morcha-1,137
Nepal-Pradesh-6-Dailekh_2-NCP_UML-2,23323
Nepal-Pradesh-6-Dailekh_2-Nepali_Congress-3,16634
Nepal-Pradesh-6-Dailekh_2-Nepal_Majdur_Kisaan_Party-4,2647
Nepal-Pradesh-6-Dailekh_2-Deshbhakta_Ganatantrik_Morcha-5,687
Nepal-Pradesh-6-Dailekh_2-Rastriya_Janamorcha-6,433
Nepal-Pradesh-6-Dailekh_2-NayaSakti-7,238
Nepal-Pradesh-6-Dailekh_2-Bibeksheel_Sajha-1,97
Nepal-Pradesh-6-Surkhet_1-NCP_UML-2,36759
Nepal-Pradesh-6-Surkhet_1-Nepali_Congress-3,33377
Nepal-Pradesh-6-Surkhet_1-Sanghiya_Samajbadi_Forum_Nepal-4,291
Nepal-Pradesh-6-Surkhet_1-Rastriya_Janamorcha-5,290
Nepal-Pradesh-6-Surkhet_1-Unified_RPP_Rastrabadi-6,139
Nepal-Pradesh-6-Surkhet_1-NayaSakti-7,137
Nepal-Pradesh-6-Surkhet_1-Mangol_National_Org-8,72
Nepal-Pradesh-6-Surkhet_1-Nepal_Majdur_Kisaan_Party-9,52
Nepal-Pradesh-6-Surkhet_1-Bibeksheel_Sajha-1,36
Nepal-Pradesh-6-Surkhet_2-NCP_UML-2,37447
Nepal-Pradesh-6-Surkhet_2-Nepali_Congress-3,28646
Nepal-Pradesh-6-Surkhet_2-Mangol_National_Org-4,799
Nepal-Pradesh-6-Surkhet_2-Bibeksheel_Sajha-5,740
Nepal-Pradesh-6-Surkhet_2-Unified_RPP_Rastrabadi-6,426
Nepal-Pradesh-6-Surkhet_2-NayaSakti-7,303
Nepal-Pradesh-6-Surkhet_2-Rastriya_Janamorcha-8,254
Nepal-Pradesh-6-Surkhet_2-Nepal_Majdur_Kisaan_Party-9,251
Nepal-Pradesh-6-Surkhet_2-Deshbhakta_Ganatantrik_Morcha-10,77
Nepal-Pradesh-6-Surkhet_2-Nepal_Dalit_Party-1,47
Nepal-Pradesh-6-West Rukum_1-NCP_Maobadi-2,34402
Nepal-Pradesh-6-West Rukum_1-Nepali_Congress-3,15659
Nepal-Pradesh-6-West Rukum_1-NCP_Maale-4,783
Nepal-Pradesh-6-West Rukum_1-NayaSakti-5,624
Nepal-Pradesh-6-West Rukum_1-Sanghiya_Samajbadi_Forum_Nepal-6,256
Nepal-Pradesh-6-West Rukum_1-Rastriya_Janamorcha-1,191
Nepal-Pradesh-7-Bajura_1-NCP_UML-2,28065
Nepal-Pradesh-7-Bajura_1-Nepali_Congress-3,23181
Nepal-Pradesh-7-Bajura_1-NayaSakti-1,465
Nepal-Pradesh-7-Accham_1-NCP_UML-2,24893
Nepal-Pradesh-7-Accham_1-Nepali_Congress-1,17689
Nepal-Pradesh-7-Accham_2-NCP_UML-2,21965
Nepal-Pradesh-7-Accham_2-Nepali_Congress-3,19106
Nepal-Pradesh-7-Accham_2-Nepal_Majdur_Kisaan_Party-1,173
Nepal-Pradesh-7-Bajhang_1-NCP_UML-2,34602
Nepal-Pradesh-7-Bajhang_1-Nepali_Congress-3,26910
Nepal-Pradesh-7-Bajhang_1-Sanghiya_Samajbadi_Forum_Nepal-4,527
Nepal-Pradesh-7-Bajhang_1-Bibeksheel_Sajha-5,497
Nepal-Pradesh-7-Bajhang_1-NayaSakti-6,454
Nepal-Pradesh-7-Bajhang_1-Deshbhakta_Ganatantrik_Morcha-7,291
Nepal-Pradesh-7-Bajhang_1-Rastriya_Janamorcha-1,51
Nepal-Pradesh-7-Doti_1-NCP_UML-2,32510
Nepal-Pradesh-7-Doti_1-Nepali_Congress-3,30878
Nepal-Pradesh-7-Doti_1-Rastriya_Janamorcha-4,672
Nepal-Pradesh-7-Doti_1-Sanghiya_Samajbadi_Forum_Nepal-5,574
Nepal-Pradesh-7-Doti_1-Bibeksheel_Sajha-6,303
Nepal-Pradesh-7-Doti_1-Nepal_Dalit_Party-1,176
Nepal-Pradesh-7-Kailali_1-Rastriya_Janata_Party-2,34341
Nepal-Pradesh-7-Kailali_1-NCP_UML-3,13406
Nepal-Pradesh-7-Kailali_1-Nepali_Congress-4,11203
Nepal-Pradesh-7-Kailali_1-Sanghiya_Samajbadi_Forum_Nepal-5,678
Nepal-Pradesh-7-Kailali_1-NayaSakti-6,335
Nepal-Pradesh-7-Kailali_1-Bibeksheel_Sajha-7,240
Nepal-Pradesh-7-Kailali_1-Deshbhakta_Ganatantrik_Morcha-8,121
Nepal-Pradesh-7-Kailali_1-Rastriya_Janamorcha-9,103
Nepal-Pradesh-7-Kailali_1-Independent-10,88
Nepal-Pradesh-7-Kailali_1-Nepal_Dalit_Party-11,80
Nepal-Pradesh-7-Kailali_1-Nepal_Majdur_Kisaan_Party-12,68
Nepal-Pradesh-7-Kailali_1-Independent-1,28
Nepal-Pradesh-7-Kailali_2-NCP_UML-2,25157
Nepal-Pradesh-7-Kailali_2-Nepali_Congress-3,23313
Nepal-Pradesh-7-Kailali_2-Rastriya_Janata_Party-4,5967
Nepal-Pradesh-7-Kailali_2-NayaSakti-5,444
Nepal-Pradesh-7-Kailali_2-Nepal_Majdur_Kisaan_Party-6,299
Nepal-Pradesh-7-Kailali_2-Rastriya_Janamorcha-1,109
Nepal-Pradesh-7-Kailali_3-NCP_Maobadi-2,24879
Nepal-Pradesh-7-Kailali_3-Nepali_Congress-3,20494
Nepal-Pradesh-7-Kailali_3-Rastriya_Janata_Party-4,4044
Nepal-Pradesh-7-Kailali_3-NCP_Maale-5,3255
Nepal-Pradesh-7-Kailali_3-NayaSakti-6,1917
Nepal-Pradesh-7-Kailali_3-Unified_RPP_Rastrabadi-7,1197
Nepal-Pradesh-7-Kailali_3-Sanghiya_Samajbadi_Forum_Nepal-8,822
Nepal-Pradesh-7-Kailali_3-Bibeksheel_Sajha-9,390
Nepal-Pradesh-7-Kailali_3-Rastriya_Janamorcha-1,244
Nepal-Pradesh-7-Kailali_4-NCP_Maobadi-2,31359
Nepal-Pradesh-7-Kailali_4-Nepali_Congress-3,20960
Nepal-Pradesh-7-Kailali_4-Independent-4,3173
Nepal-Pradesh-7-Kailali_4-Rastriya_Janamorcha-5,1107
Nepal-Pradesh-7-Kailali_4-Bibeksheel_Sajha-6,711
Nepal-Pradesh-7-Kailali_4-NayaSakti-7,448
Nepal-Pradesh-7-Kailali_4-Deshbhakta_Ganatantrik_Morcha-1,302
Nepal-Pradesh-7-Kailali_5-NCP_UML-2,27202
Nepal-Pradesh-7-Kailali_5-Nepali_Congress-3,22322
Nepal-Pradesh-7-Kailali_5-Rastriya_Janata_Party-4,6747
Nepal-Pradesh-7-Kailali_5-Bibeksheel_Sajha-5,2722
Nepal-Pradesh-7-Kailali_5-Rastriya_Janamorcha-6,245
Nepal-Pradesh-7-Kailali_5-Sanghiya_Samajbadi_Forum_Nepal-7,203
Nepal-Pradesh-7-Kailali_5-Nepal_Majdur_Kisaan_Party-8,63
Nepal-Pradesh-7-Kailali_5-Deshbhakta_Ganatantrik_Morcha-9,60
Nepal-Pradesh-7-Kailali_5-Rastriya_Janamukti_Party-1,50
Nepal-Pradesh-7-Darchula_1-NCP_UML-2,28998
Nepal-Pradesh-7-Darchula_1-Nepali_Congress-3,22233
Nepal-Pradesh-7-Darchula_1-Janasawajbadi_Party-4,610
Nepal-Pradesh-7-Darchula_1-NayaSakti-5,308
Nepal-Pradesh-7-Darchula_1-Rastriya_Janamorcha-1,51
Nepal-Pradesh-7-Baitadi_1-NCP_UML-2,39524
Nepal-Pradesh-7-Baitadi_1-Nepali_Congress-3,28291
Nepal-Pradesh-7-Baitadi_1-Unified_RPP_Rastrabadi-4,538
Nepal-Pradesh-7-Baitadi_1-Bibeksheel_Sajha-5,467
Nepal-Pradesh-7-Baitadi_1-Rastriya_Janamorcha-1,302
Nepal-Pradesh-7-Dadeldhura_1-Nepali_Congress-2,28446
Nepal-Pradesh-7-Dadeldhura_1-NCP_Maobadi-3,21498
Nepal-Pradesh-7-Dadeldhura_1-Rastriya_Mukti_Andolan_Nepal-4,857
Nepal-Pradesh-7-Dadeldhura_1-Independent-5,140
Nepal-Pradesh-7-Dadeldhura_1-Rastriya_Janamorcha-6,103
Nepal-Pradesh-7-Dadeldhura_1-Nepal_Dalit_Party-1,83
Nepal-Pradesh-7-Kanchanpur_1-NCP_Maobadi-2,38467
Nepal-Pradesh-7-Kanchanpur_1-Nepali_Congress-3,19219
Nepal-Pradesh-7-Kanchanpur_1-Rastriya_Janamorcha-4,871
Nepal-Pradesh-7-Kanchanpur_1-Rastriya_Janata_Party-5,690
Nepal-Pradesh-7-Kanchanpur_1-Bibeksheel_Sajha-6,480
Nepal-Pradesh-7-Kanchanpur_1-NayaSakti-7,297
Nepal-Pradesh-7-Kanchanpur_1-Sanghiya_Samajbadi_Forum_Nepal-8,124
Nepal-Pradesh-7-Kanchanpur_1-Independent-9,78
Nepal-Pradesh-7-Kanchanpur_1-Independent-1,37
Nepal-Pradesh-7-Kanchanpur_2-NCP_UML-2,33220
Nepal-Pradesh-7-Kanchanpur_2-Nepali_Congress-3,24893
Nepal-Pradesh-7-Kanchanpur_2-Deshbhakta_Ganatantrik_Morcha-4,459
Nepal-Pradesh-7-Kanchanpur_2-Rastriya_Janamorcha-5,303
Nepal-Pradesh-7-Kanchanpur_2-Bibeksheel_Sajha-6,280
Nepal-Pradesh-7-Kanchanpur_2-Rastriya_Janata_Party-7,264
Nepal-Pradesh-7-Kanchanpur_2-Nepal_Dalit_Party-8,66
Nepal-Pradesh-7-Kanchanpur_2-Nepali_Congress_BP-1,39
Nepal-Pradesh-7-Kanchanpur_3-NCP_UML-2,26364
Nepal-Pradesh-7-Kanchanpur_3-Nepali_Congress-3,26106
Nepal-Pradesh-7-Kanchanpur_3-Bibeksheel_Sajha-4,303
Nepal-Pradesh-7-Kanchanpur_3-NayaSakti-5,210
Nepal-Pradesh-7-Kanchanpur_3-Rastriya_Janata_Party-6,196
Nepal-Pradesh-7-Kanchanpur_3-Rastriya_Janamorcha-7,171
Nepal-Pradesh-7-Kanchanpur_3-Sanghiya_Samajbadi_Forum_Nepal-8,101
Nepal-Pradesh-7-Kanchanpur_3-Nepal_Dalit_Party-9,39
Nepal-Pradesh-7-Kanchanpur_3-Independent-10,39
