value,id
Pradesh_1-Taplejung-1-NCP_UML,29479
Pradesh_1-Taplejung-1-Nepali_Congress,16888
Pradesh_1-Taplejung-1-Sanghiya_Loktantrik,1591
Pradesh_1-Taplejung-1-Sanghiya_Samajbadi_Forum_Nepal,395
Pradesh_1-Taplejung-1-NayaSakti,386
Pradesh_1-Taplejung-1-Rastriya_Janamukti_Party,323
Pradesh_1-Taplejung-1-Unified_RPP_Rastrabadi,241
Pradesh_1-Taplejung-1-Mangol_National_Org,42
Pradesh_1-Panchthar-1-NCP_UML,38641
Pradesh_1-Panchthar-1-Nepali_Congress,28025
Pradesh_1-Panchthar-1-Sanghiya_Samajbadi_Forum_Nepal,1994
Pradesh_1-Panchthar-1-Sanghiya_Loktantrik,1593
Pradesh_1-Panchthar-1-NCP_Maale,890
Pradesh_1-Panchthar-1-Rastriya_Janamukti_Party,418
Pradesh_1-Panchthar-1-Unified_RPP_Rastrabadi,295
Pradesh_1-Panchthar-1-Mangol_National_Org,194
Pradesh_1-Panchthar-1-NayaSakti,132
Pradesh_1-Ilam-1-NCP_UML,36805
Pradesh_1-Ilam-1-Nepali_Congress,19638
Pradesh_1-Ilam-1-Sanghiya_Samajbadi_Forum_Nepal,2059
Pradesh_1-Ilam-1-Mangol_National_Org,1710
Pradesh_1-Ilam-1-Bibeksheel_Sajha,830
Pradesh_1-Ilam-1-Sanghiya_Loktantrik,471
Pradesh_1-Ilam-1-NayaSakti,430
Pradesh_1-Ilam-1-Rastriya_Janamukti_Party,171
Pradesh_1-Ilam-2-NCP_UML,36517
Pradesh_1-Ilam-2-Nepali_Congress,26865
Pradesh_1-Ilam-2-Sanghiya_Loktantrik,1761
Pradesh_1-Ilam-2-Rastriya_Janamukti_Party,1308
Pradesh_1-Ilam-2-Sanghiya_Samajbadi_Forum_Nepal,1106
Pradesh_1-Ilam-2-Mangol_National_Org,427
Pradesh_1-Ilam-2-Rastriya_Janata_Party,149
Pradesh_1-Ilam-2-NayaSakti,95
Pradesh_1-Ilam-2-Deshbhakta_Ganatantrik_Morcha,91
Pradesh_1-Ilam-2-Rastriya_Janamorcha,70
Pradesh_1-Jhapa-1-NCP_Maobadi,36173
Pradesh_1-Jhapa-1-Nepali_Congress,33310
Pradesh_1-Jhapa-1-Mangol_National_Org,1389
Pradesh_1-Jhapa-1-Sanghiya_Samajbadi_Forum_Nepal,1044
Pradesh_1-Jhapa-1-Sanghiya_Loktantrik,904
Pradesh_1-Jhapa-1-Unified_RPP_Rastrabadi,370
Pradesh_1-Jhapa-1-Rastriya_Janamukti_Party,113
Pradesh_1-Jhapa-2-NCP_UML,45817
Pradesh_1-Jhapa-2-Nepali_Congress,32050
Pradesh_1-Jhapa-2-Bibeksheel_Sajha,1105
Pradesh_1-Jhapa-2-Sanghiya_Loktantrik,608
Pradesh_1-Jhapa-2-Mangol_National_Org,558
Pradesh_1-Jhapa-2-Rastriya_Janamukti_Party,531
Pradesh_1-Jhapa-2-Unified_RPP_Rastrabadi,416
Pradesh_1-Jhapa-2-NayaSakti,324
Pradesh_1-Jhapa-2-Rastriya_Janata_Party,272
Pradesh_1-Jhapa-2-Deshbhakta_Ganatantrik_Morcha,166
Pradesh_1-Jhapa-2-Nepal_Janata_Party,110
Pradesh_1-Jhapa-3-RPP,44614
Pradesh_1-Jhapa-3-Nepali_Congress,31171
Pradesh_1-Jhapa-3-NCP_Maale,1306
Pradesh_1-Jhapa-3-Rastriya_Janata_Party,378
Pradesh_1-Jhapa-3-Mangol_National_Org,299
Pradesh_1-Jhapa-3-Unified_RPP_Rastrabadi,224
Pradesh_1-Jhapa-3-Independent,192
Pradesh_1-Jhapa-3-Nepal_Janata_Party,188
Pradesh_1-Jhapa-3-Rastriya_Janamukti_Party,161
Pradesh_1-Jhapa-3-Bibeksheel_Sajha,153
Pradesh_1-Jhapa-3-Sanghiya_Loktantrik,143
Pradesh_1-Jhapa-3-Rastriya_Janamorcha,103
Pradesh_1-Jhapa-4-NCP_UML,43515
Pradesh_1-Jhapa-4-Nepali_Congress,26822
Pradesh_1-Jhapa-4-Sanghiya_Loktantrik,1132
Pradesh_1-Jhapa-4-Bibeksheel_Sajha,665
Pradesh_1-Jhapa-4-Sanghiya_Samajbadi_Forum_Nepal,472
Pradesh_1-Jhapa-4-Unified_RPP_Rastrabadi,332
Pradesh_1-Jhapa-4-Rastriya_Janamukti_Party,288
Pradesh_1-Jhapa-4-Deshbhakta_Ganatantrik_Morcha,151
Pradesh_1-Jhapa-4-Mangol_National_Org,94
Pradesh_1-Jhapa-4-Green_Party,90
Pradesh_1-Jhapa-4-Independent,37
Pradesh_1-Jhapa-4-Independent,18
Pradesh_1-Jhapa-4-Independent,13
Pradesh_1-Jhapa-5-NCP_UML,57139
Pradesh_1-Jhapa-5-Nepali_Congress,28297
Pradesh_1-Jhapa-5-Sanghiya_Samajbadi_Forum_Nepal,1915
Pradesh_1-Jhapa-5-Sanghiya_Loktantrik,1380
Pradesh_1-Jhapa-5-NCP_Maale,642
Pradesh_1-Jhapa-5-Bibeksheel_Sajha,611
Pradesh_1-Jhapa-5-Rastriya_Janamukti_Party,519
Pradesh_1-Jhapa-5-NayaSakti,296
Pradesh_1-Jhapa-5-Unified_RPP_Rastrabadi,257
Pradesh_1-Jhapa-5-Mangol_National_Org,116
Pradesh_1-Jhapa-5-Deshbhakta_Ganatantrik_Morcha,99
Pradesh_1-Jhapa-5-Independent,55
Pradesh_1-Jhapa-5-Independent,13
Pradesh_1-Jhapa-5-Independent,6
Pradesh_1-Sankhuwasabha-1-NCP_UML,32769
Pradesh_1-Sankhuwasabha-1-Nepali_Congress,31639
Pradesh_1-Sankhuwasabha-1-Sanghiya_Samajbadi_Forum_Nepal,587
Pradesh_1-Sankhuwasabha-1-NayaSakti,230
Pradesh_1-Sankhuwasabha-1-Sanghiya_Loktantrik,191
Pradesh_1-Sankhuwasabha-1-Rastriya_Janamukti_Party,168
Pradesh_1-Sankhuwasabha-1-Mangol_National_Org,125
Pradesh_1-Sankhuwasabha-1-Unified_RPP_Rastrabadi,117
Pradesh_1-Sankhuwasabha-1-Rastriya_Janata_Party,87
Pradesh_1-Sankhuwasabha-1-Green_Party,37
Pradesh_1-Sankhuwasabha-1-Independent,17
Pradesh_1-Terhathum-1-NCP_UML,21335
Pradesh_1-Terhathum-1-Nepali_Congress,19314
Pradesh_1-Terhathum-1-Sanghiya_Loktantrik,910
Pradesh_1-Terhathum-1-NayaSakti,170
Pradesh_1-Terhathum-1-Sanghiya_Samajbadi_Forum_Nepal,156
Pradesh_1-Terhathum-1-NCP_Maale,145
Pradesh_1-Terhathum-1-Rastriya_Janamukti_Party,97
Pradesh_1-Terhathum-1-Deshbhakta_Ganatantrik_Morcha,50
Pradesh_1-Terhathum-1-Unified_RPP_Rastrabadi,46
Pradesh_1-Terhathum-1-Mangol_National_Org,45
Pradesh_1-Terhathum-1-Rastriya_Janamorcha,33
Pradesh_1-Bhojpur-1-NCP_Maobadi,34394
Pradesh_1-Bhojpur-1-Nepali_Congress,21696
Pradesh_1-Bhojpur-1-NCP_Maale,2601
Pradesh_1-Bhojpur-1-Deshbhakta_Ganatantrik_Morcha,480
Pradesh_1-Bhojpur-1-Mangol_National_Org,480
Pradesh_1-Bhojpur-1-NayaSakti,335
Pradesh_1-Bhojpur-1-Rastriya_Janata_Party,303
Pradesh_1-Bhojpur-1-Sanghiya_Loktantrik,135
Pradesh_1-Dhankuta-1-NCP_UML,37333
Pradesh_1-Dhankuta-1-RPP_Democratic,26874
Pradesh_1-Dhankuta-1-Unified_RPP_Rastrabadi,1390
Pradesh_1-Dhankuta-1-Sanghiya_Loktantrik,726
Pradesh_1-Dhankuta-1-Rastriya_Janamukti_Party,147
Pradesh_1-Dhankuta-1-Mangol_National_Org,94
Pradesh_1-Morang-1-NCP_UML,37524
Pradesh_1-Morang-1-Nepali_Congress,31436
Pradesh_1-Morang-1-Sanghiya_Loktantrik,1152
Pradesh_1-Morang-1-Sanghiya_Samajbadi_Forum_Nepal,623
Pradesh_1-Morang-1-Rastriya_Janamukti_Party,197
Pradesh_1-Morang-1-Mangol_National_Org,183
Pradesh_1-Morang-1-NayaSakti,122
Pradesh_1-Morang-1-Independent,92
Pradesh_1-Morang-1-Nepal_Sanghiya_Samajbadi_Party,81
Pradesh_1-Morang-1-Independent,17
Pradesh_1-Morang-2-Nepali_Congress,35819
Pradesh_1-Morang-2-NCP_UML,34014
Pradesh_1-Morang-2-Sanghiya_Samajbadi_Forum_Nepal,2595
Pradesh_1-Morang-2-Rastriya_Janata_Party,2082
Pradesh_1-Morang-2-Sanghiya_Loktantrik,293
Pradesh_1-Morang-2-Nepal_Janata_Party,280
Pradesh_1-Morang-2-NayaSakti,249
Pradesh_1-Morang-2-Unified_RPP_Rastrabadi,210
Pradesh_1-Morang-2-Deshbhakta_Ganatantrik_Morcha,98
Pradesh_1-Morang-2-Rastriya_Janamorcha,93
Pradesh_1-Morang-2-Nepal_Majdur_Kisaan_Party,42
Pradesh_1-Morang-2-Independent,14
Pradesh_1-Morang-3-NCP_UML,42413
Pradesh_1-Morang-3-Nepali_Congress,40506
Pradesh_1-Morang-3-NCP_Maale,1338
Pradesh_1-Morang-3-Sanghiya_Loktantrik,1013
Pradesh_1-Morang-3-Sanghiya_Samajbadi_Forum_Nepal,974
Pradesh_1-Morang-3-Mangol_National_Org,417
Pradesh_1-Morang-3-Deshbhakta_Ganatantrik_Morcha,393
Pradesh_1-Morang-3-Rastriya_Janata_Party,268
Pradesh_1-Morang-3-Rastriya_Janamorcha,65
Pradesh_1-Morang-3-Independent,19
Pradesh_1-Morang-3-Nepal_Majdur_Kisaan_Party,17
Pradesh_1-Morang-3-Independent,10
Pradesh_1-Morang-3-Independent,10
Pradesh_1-Morang-4-NCP_Maobadi,33529
Pradesh_1-Morang-4-Nepali_Congress,26800
Pradesh_1-Morang-4-Rastriya_Janata_Party,3401
Pradesh_1-Morang-4-Unified_RPP_Rastrabadi,1050
Pradesh_1-Morang-4-Bibeksheel_Sajha,874
Pradesh_1-Morang-4-Deshbhakta_Ganatantrik_Morcha,739
Pradesh_1-Morang-4-NayaSakti,264
Pradesh_1-Morang-4-Deshbhakta_Loktantrik_Party,167
Pradesh_1-Morang-4-Nepal_Majdur_Kisaan_Party,105
Pradesh_1-Morang-5-NCP_Maobadi,22945
Pradesh_1-Morang-5-Nepali_Congress,19153
Pradesh_1-Morang-5-Sanghiya_Samajbadi_Forum_Nepal,18649
Pradesh_1-Morang-5-Rastriya_Janata_Party,1895
Pradesh_1-Morang-5-Unified_RPP_Rastrabadi,667
Pradesh_1-Morang-5-Deshbhakta_Ganatantrik_Morcha,498
Pradesh_1-Morang-5-Independent,122
Pradesh_1-Morang-6-NCP_UML,33941
Pradesh_1-Morang-6-Nepali_Congress,33266
Pradesh_1-Morang-6-Sanghiya_Samajbadi_Forum_Nepal,5261
Pradesh_1-Morang-6-Rastriya_Janata_Party,1118
Pradesh_1-Morang-6-NayaSakti,353
Pradesh_1-Morang-6-Unified_RPP_Rastrabadi,289
Pradesh_1-Morang-6-Deshbhakta_Ganatantrik_Morcha,230
Pradesh_1-Morang-6-Sanghiya_Loktantrik,189
Pradesh_1-Morang-6-Mangol_National_Org,152
Pradesh_1-Morang-6-Nepal_Majdur_Kisaan_Party,74
Pradesh_1-Sunsari-1-NCP_UML,44528
Pradesh_1-Sunsari-1-Sanghiya_Samajbadi_Forum_Nepal,22123
Pradesh_1-Sunsari-1-Sanghiya_Loktantrik,1521
Pradesh_1-Sunsari-1-NCP_Maale,1366
Pradesh_1-Sunsari-1-NayaSakti,742
Pradesh_1-Sunsari-1-Mangol_National_Org,687
Pradesh_1-Sunsari-1-Deshbhakta_Ganatantrik_Morcha,454
Pradesh_1-Sunsari-1-Rastriya_Janata_Party,435
Pradesh_1-Sunsari-1-Rastriya_Janamukti_Party,431
Pradesh_1-Sunsari-1-Unified_RPP_Rastrabadi,299
Pradesh_1-Sunsari-1-Rastriya_Janamorcha,110
Pradesh_1-Sunsari-1-Independent,54
Pradesh_1-Sunsari-2-Nepali_Congress,41495
Pradesh_1-Sunsari-2-NCP_Maobadi,35349
Pradesh_1-Sunsari-2-Sanghiya_Samajbadi_Forum_Nepal,4834
Pradesh_1-Sunsari-2-Rastriya_Janata_Party,1674
Pradesh_1-Sunsari-2-Independent,759
Pradesh_1-Sunsari-2-NayaSakti,650
Pradesh_1-Sunsari-2-Sanghiya_Loktantrik,623
Pradesh_1-Sunsari-2-Unified_RPP_Rastrabadi,573
Pradesh_1-Sunsari-2-Mangol_National_Org,380
Pradesh_1-Sunsari-2-Nepal_Sanghiya_Samajbadi_Party,216
Pradesh_1-Sunsari-2-Rastriya_Janamorcha,167
Pradesh_1-Sunsari-2-Independent,105
Pradesh_1-Sunsari-2-Independent,67
Pradesh_1-Sunsari-2-Independent,60
Pradesh_1-Sunsari-2-Green_Party,57
Pradesh_1-Sunsari-2-Independent,46
Pradesh_1-Sunsari-3-Nepali_Congress,38972
Pradesh_1-Sunsari-3-NCP_UML,38651
Pradesh_1-Sunsari-3-Sanghiya_Samajbadi_Forum_Nepal,1854
Pradesh_1-Sunsari-3-Independent,1063
Pradesh_1-Sunsari-3-Rastriya_Janata_Party,465
Pradesh_1-Sunsari-3-Rastriya_Janamukti_Party,165
Pradesh_1-Sunsari-3-Green_Party,96
Pradesh_1-Sunsari-3-Independent,75
Pradesh_1-Sunsari-3-Independent,38
Pradesh_1-Sunsari-4-Nepali_Congress,32347
Pradesh_1-Sunsari-4-NCP_UML,25750
Pradesh_1-Sunsari-4-Rastriya_Janata_Party,5020
Pradesh_1-Sunsari-4-Nepali_Janata_Dal,1089
Pradesh_1-Sunsari-4-NCP_Maale,1037
Pradesh_1-Sunsari-4-Deshbhakta_Ganatantrik_Morcha,747
Pradesh_1-Sunsari-4-Unified_RPP_Rastrabadi,678
Pradesh_1-Sunsari-4-Nepal_Sanghiya_Samajbadi_Party,435
Pradesh_1-Sunsari-4-Bibeksheel_Sajha,286
Pradesh_1-Sunsari-4-NayaSakti,280
Pradesh_1-Sunsari-4-Sanghiya_Loktantrik,216
Pradesh_1-Sunsari-4-Independent,137
Pradesh_1-Sunsari-4-Mangol_National_Org,135
Pradesh_1-Sunsari-4-Independent,117
Pradesh_1-Sunsari-4-Nepali_Congress_BP,34
Pradesh_1-Sunsari-4-Independent,8
Pradesh_1-Solukhumbu-1-NCP_Maobadi,20747
Pradesh_1-Solukhumbu-1-Nepali_Congress,17294
Pradesh_1-Solukhumbu-1-NayaSakti,826
Pradesh_1-Solukhumbu-1-Sanghiya_Samajbadi_Forum_Nepal,381
Pradesh_1-Solukhumbu-1-Rastriya_Janata_Party,128
Pradesh_1-Solukhumbu-1-Mangol_National_Org,94
Pradesh_1-Solukhumbu-1-Nepal_Majdur_Kisaan_Party,75
Pradesh_1-Khotang-1-NCP_UML,37837
Pradesh_1-Khotang-1-Nepali_Congress,23465
Pradesh_1-Khotang-1-NayaSakti,2494
Pradesh_1-Khotang-1-Sanghiya_Samajbadi_Forum_Nepal,2377
Pradesh_1-Khotang-1-Rastriya_Janata_Party,252
Pradesh_1-Khotang-1-RPP_Democratic,197
Pradesh_1-Khotang-1-Unified_RPP_Rastrabadi,88
Pradesh_1-Khotang-1-Rastriya_Janamukti_Party,78
Pradesh_1-Khotang-1-Mangol_National_Org,68
Pradesh_1-Khotang-1-Sanghiya_Loktantrik,49
Pradesh_1-Okhaldhunga-1-NCP_UML,32580
Pradesh_1-Okhaldhunga-1-Nepali_Congress,27327
Pradesh_1-Okhaldhunga-1-NCP_Maale,665
Pradesh_1-Okhaldhunga-1-Sanghiya_Samajbadi_Forum_Nepal,543
Pradesh_1-Okhaldhunga-1-NayaSakti,234
Pradesh_1-Okhaldhunga-1-Rastriya_Janamorcha,106
Pradesh_1-Okhaldhunga-1-Deshbhakta_Ganatantrik_Morcha,95
Pradesh_1-Okhaldhunga-1-Mangol_National_Org,74
Pradesh_1-Okhaldhunga-1-Sanghiya_Khumbuban,64
Pradesh_1-Udayapur-1-Nepali_Congress,33142
Pradesh_1-Udayapur-1-NCP_UML,32594
Pradesh_1-Udayapur-1-NCP_Maale,1295
Pradesh_1-Udayapur-1-Sanghiya_Samajbadi_Forum_Nepal,1196
Pradesh_1-Udayapur-1-NayaSakti,366
Pradesh_1-Udayapur-1-Rastriya_Janata_Party,236
Pradesh_1-Udayapur-1-Unified_RPP_Rastrabadi,155
Pradesh_1-Udayapur-1-Deshbhakta_Ganatantrik_Morcha,96
Pradesh_1-Udayapur-1-NCP_Maxist,90
Pradesh_1-Udayapur-1-Sanghiya_Loktantrik,45
Pradesh_1-Udayapur-2-NCP_Maobadi,22551
Pradesh_1-Udayapur-2-Nepali_Congress,15455
Pradesh_1-Udayapur-2-Sanghiya_Samajbadi_Forum_Nepal,1136
Pradesh_1-Udayapur-2-Unified_RPP_Rastrabadi,292
Pradesh_1-Udayapur-2-Mangol_National_Org,252
Pradesh_1-Udayapur-2-NayaSakti,245
Pradesh_1-Udayapur-2-Rastriya_Janata_Party,102
Pradesh_1-Udayapur-2-Nepal_Majdur_Kisaan_Party,99
Pradesh_1-Udayapur-2-NCP_Maxist,87
Pradesh_2-Saptari-1-Sanghiya_Samajbadi_Forum_Nepal,21712
Pradesh_2-Saptari-1-NCP_Maobadi,18225
Pradesh_2-Saptari-1-Nepali_Congress,15225
Pradesh_2-Saptari-1-NayaSakti,1163
Pradesh_2-Saptari-1-Unified_RPP_Rastrabadi,714
Pradesh_2-Saptari-1-NCP_Maxist,412
Pradesh_2-Saptari-1-Mangol_National_Org,246
Pradesh_2-Saptari-1-Bahujan_Shakti_Party,163
Pradesh_2-Saptari-1-Bibeksheel_Sajha,158
Pradesh_2-Saptari-1-Independent,136
Pradesh_2-Saptari-1-Independent,107
Pradesh_2-Saptari-1-Independent,47
Pradesh_2-Saptari-2-Sanghiya_Samajbadi_Forum_Nepal,21620
Pradesh_2-Saptari-2-NCP_Maobadi,11580
Pradesh_2-Saptari-2-Independent,9459
Pradesh_2-Saptari-2-Nepali_Congress,1840
Pradesh_2-Saptari-2-NCP_Maale,1465
Pradesh_2-Saptari-2-Unified_RPP_Rastrabadi,373
Pradesh_2-Saptari-2-Deshbhakta_Loktantrik_Party,216
Pradesh_2-Saptari-2-Rastriya_Shivasena_Party,137
Pradesh_2-Saptari-2-Independent,123
Pradesh_2-Saptari-2-Independent,92
Pradesh_2-Saptari-2-Independent,77
Pradesh_2-Saptari-2-Independent,73
Pradesh_2-Saptari-2-Bahujan_Shakti_Party,67
Pradesh_2-Saptari-2-Independent,62
Pradesh_2-Saptari-2-Nepal_Majdur_Kisaan_Party,45
Pradesh_2-Saptari-2-Independent,42
Pradesh_2-Saptari-2-Independent,26
Pradesh_2-Saptari-3-Rastriya_Janata_Party,22584
Pradesh_2-Saptari-3-Nepali_Congress,19401
Pradesh_2-Saptari-3-NCP_UML,11188
Pradesh_2-Saptari-3-NayaSakti,693
Pradesh_2-Saptari-3-Nepal_Sanghiya_Samajbadi_Party,574
Pradesh_2-Saptari-3-Unified_RPP_Rastrabadi,453
Pradesh_2-Saptari-3-Deshbhakta_Loktantrik_Party,177
Pradesh_2-Saptari-3-Nepal_Majdur_Kisaan_Party,79
Pradesh_2-Saptari-3-Lokkalyankari_Janata_Party,66
Pradesh_2-Saptari-3-Independent,42
Pradesh_2-Saptari-4-Nepali_Congress,24113
Pradesh_2-Saptari-4-Rastriya_Janata_Party,14886
Pradesh_2-Saptari-4-NCP_UML,14305
Pradesh_2-Saptari-4-Nepali_Janata_Dal,769
Pradesh_2-Saptari-4-Deshbhakta_Ganatantrik_Morcha,368
Pradesh_2-Saptari-4-Nepal_Sanghiya_Samajbadi_Party,335
Pradesh_2-Saptari-4-NayaSakti,334
Pradesh_2-Saptari-4-Lokkalyankari_Janata_Party,117
Pradesh_2-Saptari-4-Sanghiya_Loktantrik,115
Pradesh_2-Saptari-4-NCP_Maxist,104
Pradesh_2-Saptari-4-Independent,65
Pradesh_2-Saptari-4-Independent,62
Pradesh_2-Saptari-4-Independent,9
Pradesh_2-Siraha-1-Nepali_Congress,23951
Pradesh_2-Siraha-1-NCP_UML,21371
Pradesh_2-Siraha-1-Sanghiya_Samajbadi_Forum_Nepal,13351
Pradesh_2-Siraha-1-Bahujan_Shakti_Party,567
Pradesh_2-Siraha-1-Deshbhakta_Ganatantrik_Morcha,314
Pradesh_2-Siraha-1-NayaSakti,183
Pradesh_2-Siraha-1-Nepal_Majdur_Kisaan_Party,97
Pradesh_2-Siraha-1-Independent,79
Pradesh_2-Siraha-1-Unified_RPP_Rastrabadi,44
Pradesh_2-Siraha-1-Nepal_Sanghiya_Samajbadi_Party,42
Pradesh_2-Siraha-1-Independent,42
Pradesh_2-Siraha-1-Independent,40
Pradesh_2-Siraha-1-Independent,34
Pradesh_2-Siraha-1-Independent,30
Pradesh_2-Siraha-2-NCP_Maobadi,20148
Pradesh_2-Siraha-2-Sanghiya_Samajbadi_Forum_Nepal,17260
Pradesh_2-Siraha-2-Nepali_Congress,15597
Pradesh_2-Siraha-2-NCP_Maale,1777
Pradesh_2-Siraha-2-Deshbhakta_Ganatantrik_Morcha,710
Pradesh_2-Siraha-2-Nepal_Janata_Party,506
Pradesh_2-Siraha-2-NayaSakti,186
Pradesh_2-Siraha-2-Unified_RPP_Rastrabadi,167
Pradesh_2-Siraha-2-Independent,94
Pradesh_2-Siraha-2-Nepal_Majdur_Kisaan_Party,90
Pradesh_2-Siraha-2-Independent,70
Pradesh_2-Siraha-2-Sanghiya_Loktantrik,65
Pradesh_2-Siraha-2-Independent,33
Pradesh_2-Siraha-2-Independent,31
Pradesh_2-Siraha-2-Independent,21
Pradesh_2-Siraha-2-Independent,12
Pradesh_2-Siraha-3-NCP_UML,23272
Pradesh_2-Siraha-3-Sanghiya_Samajbadi_Forum_Nepal,21220
Pradesh_2-Siraha-3-Nepali_Congress,11778
Pradesh_2-Siraha-3-NCP_Maale,821
Pradesh_2-Siraha-3-Nepal_Janata_Party,329
Pradesh_2-Siraha-3-Unified_RPP_Rastrabadi,228
Pradesh_2-Siraha-3-Dalit_Muslim_Janasakti_Party,142
Pradesh_2-Siraha-3-Sanghiya_Loktantrik,103
Pradesh_2-Siraha-3-Independent,85
Pradesh_2-Siraha-3-Independent,54
Pradesh_2-Siraha-3-Independent,40
Pradesh_2-Siraha-3-Lokkalyankari_Janata_Party,37
Pradesh_2-Siraha-3-Independent,23
Pradesh_2-Siraha-4-Rastriya_Janata_Party,21144
Pradesh_2-Siraha-4-NCP_Maobadi,17575
Pradesh_2-Siraha-4-Nepali_Congress,10088
Pradesh_2-Siraha-4-NCP_Maale,2219
Pradesh_2-Siraha-4-Unified_RPP_Rastrabadi,411
Pradesh_2-Siraha-4-Bahujan_Samaj,394
Pradesh_2-Siraha-4-NayaSakti,283
Pradesh_2-Siraha-4-Nepal_Sanghiya_Samajbadi_Party,146
Pradesh_2-Siraha-4-Nepal_Janata_Party,115
Pradesh_2-Siraha-4-Deshbhakta_Ganatantrik_Morcha,86
Pradesh_2-Siraha-4-Independent,55
Pradesh_2-Siraha-4-Independent,36
Pradesh_2-Siraha-4-Independent,15
Pradesh_2-Siraha-4-Independent,13
Pradesh_2-Siraha-4-Independent,12
Pradesh_2-Siraha-4-Independent,11
Pradesh_2-Siraha-4-Independent,8
Pradesh_2-Dhanusha-1-NCP_Maobadi,26418
Pradesh_2-Dhanusha-1-Sanghiya_Samajbadi_Forum_Nepal,17296
Pradesh_2-Dhanusha-1-Nepali_Congress,15679
Pradesh_2-Dhanusha-1-Independent,3492
Pradesh_2-Dhanusha-1-Independent,251
Pradesh_2-Dhanusha-1-NayaSakti,235
Pradesh_2-Dhanusha-1-Independent,222
Pradesh_2-Dhanusha-1-Rastriya_Janamukti_Party,212
Pradesh_2-Dhanusha-1-Dalit_Muslim_Janasakti_Party,205
Pradesh_2-Dhanusha-1-Independent,121
Pradesh_2-Dhanusha-1-Independent,112
Pradesh_2-Dhanusha-1-Independent,95
Pradesh_2-Dhanusha-1-Independent,94
Pradesh_2-Dhanusha-1-Independent,73
Pradesh_2-Dhanusha-1-Independent,66
Pradesh_2-Dhanusha-1-Independent,62
Pradesh_2-Dhanusha-1-Independent,43
Pradesh_2-Dhanusha-1-Independent,21
Pradesh_2-Dhanusha-2-Sanghiya_Samajbadi_Forum_Nepal,32044
Pradesh_2-Dhanusha-2-NCP_Maobadi,18715
Pradesh_2-Dhanusha-2-Nepali_Congress,15442
Pradesh_2-Dhanusha-2-Unified_RPP_Rastrabadi,666
Pradesh_2-Dhanusha-2-NayaSakti,307
Pradesh_2-Dhanusha-2-Independent,216
Pradesh_2-Dhanusha-2-Independent,209
Pradesh_2-Dhanusha-2-Bahujan_Shakti_Party,155
Pradesh_2-Dhanusha-2-Independent,98
Pradesh_2-Dhanusha-2-Independent,73
Pradesh_2-Dhanusha-2-Independent,56
Pradesh_2-Dhanusha-2-Independent,42
Pradesh_2-Dhanusha-3-Rastriya_Janata_Party,30750
Pradesh_2-Dhanusha-3-Nepali_Congress,27847
Pradesh_2-Dhanusha-3-NCP_Maobadi,2346
Pradesh_2-Dhanusha-3-NCP_Maale,345
Pradesh_2-Dhanusha-3-Unified_RPP_Rastrabadi,325
Pradesh_2-Dhanusha-3-Independent,195
Pradesh_2-Dhanusha-3-Rastriya_Mukti_Andolan_Nepal,157
Pradesh_2-Dhanusha-3-RPP,93
Pradesh_2-Dhanusha-3-Rastriya_Janamukti_Party,33
Pradesh_2-Dhanusha-3-Independent,31
Pradesh_2-Dhanusha-3-Independent,18
Pradesh_2-Dhanusha-3-Independent,17
Pradesh_2-Dhanusha-3-Independent,14
Pradesh_2-Dhanusha-3-Independent,12
Pradesh_2-Dhanusha-3-Independent,9
Pradesh_2-Dhanusha-3-Independent,9
Pradesh_2-Dhanusha-3-Independent,6
Pradesh_2-Dhanusha-3-Independent,6
Pradesh_2-Dhanusha-3-Independent,5
Pradesh_2-Dhanusha-3-Independent,4
Pradesh_2-Dhanusha-3-Independent,4
Pradesh_2-Dhanusha-3-Independent,4
Pradesh_2-Dhanusha-3-Independent,3
Pradesh_2-Dhanusha-3-Independent,3
Pradesh_2-Dhanusha-3-Independent,3
Pradesh_2-Dhanusha-3-Independent,2
Pradesh_2-Dhanusha-3-Independent,2
Pradesh_2-Dhanusha-3-Independent,0
Pradesh_2-Dhanusha-4-NCP_UML,22532
Pradesh_2-Dhanusha-4-Nepali_Congress,19991
Pradesh_2-Dhanusha-4-Sanghiya_Samajbadi_Forum_Nepal,19662
Pradesh_2-Dhanusha-4-Deshbhakta_Loktantrik_Party,284
Pradesh_2-Dhanusha-4-NCP_Maale,152
Pradesh_2-Dhanusha-4-Nepal_Sanghiya_Samajbadi_Party,106
Pradesh_2-Dhanusha-4-Independent,101
Pradesh_2-Dhanusha-4-Independent,98
Pradesh_2-Dhanusha-4-Independent,68
Pradesh_2-Dhanusha-4-Independent,54
Pradesh_2-Dhanusha-4-Independent,43
Pradesh_2-Dhanusha-4-Independent,42
Pradesh_2-Dhanusha-4-Independent,37
Pradesh_2-Dhanusha-4-Independent,37
Pradesh_2-Dhanusha-4-Independent,37
Pradesh_2-Dhanusha-4-Rastriya_Janamukti_Party,31
Pradesh_2-Dhanusha-4-Independent,26
Pradesh_2-Dhanusha-4-Independent,23
Pradesh_2-Dhanusha-4-Independent,22
Pradesh_2-Dhanusha-4-Independent,21
Pradesh_2-Dhanusha-4-Independent,21
Pradesh_2-Dhanusha-4-Independent,21
Pradesh_2-Dhanusha-4-Independent,18
Pradesh_2-Dhanusha-4-Independent,18
Pradesh_2-Dhanusha-4-Independent,11
Pradesh_2-Mahottari-1-NCP_Maobadi,23776
Pradesh_2-Mahottari-1-Sanghiya_Samajbadi_Forum_Nepal,19492
Pradesh_2-Mahottari-1-Nepali_Congress,9475
Pradesh_2-Mahottari-1-Unified_RPP_Rastrabadi,245
Pradesh_2-Mahottari-1-Rastriya_Janamukti_Party,239
Pradesh_2-Mahottari-1-NayaSakti,159
Pradesh_2-Mahottari-1-Yuwa_Nepal_Party,111
Pradesh_2-Mahottari-1-Independent,107
Pradesh_2-Mahottari-1-Independent,78
Pradesh_2-Mahottari-1-Independent,41
Pradesh_2-Mahottari-1-Independent,36
Pradesh_2-Mahottari-1-Independent,35
Pradesh_2-Mahottari-2-Rastriya_Janata_Party,30722
Pradesh_2-Mahottari-2-Nepali_Congress,13974
Pradesh_2-Mahottari-2-NCP_Maobadi,3732
Pradesh_2-Mahottari-2-NCP_Maale,585
Pradesh_2-Mahottari-2-Unified_RPP_Rastrabadi,410
Pradesh_2-Mahottari-2-Nepali_Janata_Dal,364
Pradesh_2-Mahottari-2-NayaSakti,134
Pradesh_2-Mahottari-2-Independent,65
Pradesh_2-Mahottari-2-Bibeksheel_Sajha,54
Pradesh_2-Mahottari-2-Yuwa_Nepal_Party,26
Pradesh_2-Mahottari-2-Independent,24
Pradesh_2-Mahottari-2-Independent,22
Pradesh_2-Mahottari-2-Independent,15
Pradesh_2-Mahottari-2-Independent,13
Pradesh_2-Mahottari-2-Independent,11
Pradesh_2-Mahottari-2-Independent,8
Pradesh_2-Mahottari-2-Independent,7
Pradesh_2-Mahottari-2-Independent,5
Pradesh_2-Mahottari-3-Rastriya_Janata_Party,26845
Pradesh_2-Mahottari-3-NCP_UML,8676
Pradesh_2-Mahottari-3-Independent,4020
Pradesh_2-Mahottari-3-Bahujan_Shakti_Party,1884
Pradesh_2-Mahottari-3-Nepal_Sanghiya_Samajbadi_Party,1241
Pradesh_2-Mahottari-3-NCP_Maale,991
Pradesh_2-Mahottari-3-Rastriya_Janamukti_Party,337
Pradesh_2-Mahottari-3-Deshbhakta_Ganatantrik_Morcha,289
Pradesh_2-Mahottari-3-Independent,187
Pradesh_2-Mahottari-3-Independent,156
Pradesh_2-Mahottari-3-Independent,73
Pradesh_2-Mahottari-3-Independent,58
Pradesh_2-Mahottari-3-Independent,39
Pradesh_2-Mahottari-3-Independent,36
Pradesh_2-Mahottari-3-Independent,32
Pradesh_2-Mahottari-3-Independent,31
Pradesh_2-Mahottari-3-Independent,26
Pradesh_2-Mahottari-3-Independent,21
Pradesh_2-Mahottari-3-Independent,21
Pradesh_2-Mahottari-3-Independent,9
Pradesh_2-Mahottari-4-Sanghiya_Samajbadi_Forum_Nepal,18353
Pradesh_2-Mahottari-4-Nepali_Congress,13025
Pradesh_2-Mahottari-4-NCP_Maobadi,12945
Pradesh_2-Mahottari-4-Independent,1647
Pradesh_2-Mahottari-4-NayaSakti,1093
Pradesh_2-Mahottari-4-NCP_Maale,899
Pradesh_2-Mahottari-4-Bahujan_Shakti_Party,800
Pradesh_2-Mahottari-4-Deshbhakta_Ganatantrik_Morcha,478
Pradesh_2-Mahottari-4-Rastriya_Janamukti_Party,312
Pradesh_2-Mahottari-4-Independent,289
Pradesh_2-Mahottari-4-Bahujan_Samaj,209
Pradesh_2-Mahottari-4-Independent,147
Pradesh_2-Mahottari-4-Unified_RPP_Rastrabadi,121
Pradesh_2-Mahottari-4-Independent,71
Pradesh_2-Mahottari-4-Independent,60
Pradesh_2-Mahottari-4-Independent,46
Pradesh_2-Mahottari-4-Independent,33
Pradesh_2-Mahottari-4-Independent,32
Pradesh_2-Mahottari-4-Independent,22
Pradesh_2-Sarlahi-1-Rastriya_Janata_Party,22036
Pradesh_2-Sarlahi-1-NCP_UML,21465
Pradesh_2-Sarlahi-1-Nepali_Congress,20075
Pradesh_2-Sarlahi-1-NayaSakti,457
Pradesh_2-Sarlahi-1-Unified_RPP_Rastrabadi,285
Pradesh_2-Sarlahi-1-Independent,236
Pradesh_2-Sarlahi-1-Deshbhakta_Ganatantrik_Morcha,213
Pradesh_2-Sarlahi-1-Independent,123
Pradesh_2-Sarlahi-1-Nepal_Majdur_Kisaan_Party,114
Pradesh_2-Sarlahi-1-Independent,47
Pradesh_2-Sarlahi-1-Independent,42
Pradesh_2-Sarlahi-1-Independent,33
Pradesh_2-Sarlahi-1-Dalit_Muslim_Janasakti_Party,28
Pradesh_2-Sarlahi-1-Independent,28
Pradesh_2-Sarlahi-1-Independent,16
Pradesh_2-Sarlahi-1-Independent,14
Pradesh_2-Sarlahi-2-Rastriya_Janata_Party,29191
Pradesh_2-Sarlahi-2-Nepali_Congress,18976
Pradesh_2-Sarlahi-2-NCP_Maobadi,8037
Pradesh_2-Sarlahi-2-NayaSakti,1449
Pradesh_2-Sarlahi-2-Unified_RPP_Rastrabadi,420
Pradesh_2-Sarlahi-2-Nepal_Sanghiya_Samajbadi_Party,221
Pradesh_2-Sarlahi-2-Deshbhakta_Ganatantrik_Morcha,204
Pradesh_2-Sarlahi-2-Nepali_Janata_Dal,156
Pradesh_2-Sarlahi-2-Independent,144
Pradesh_2-Sarlahi-2-Independent,122
Pradesh_2-Sarlahi-2-Rastriya_Janamorcha,100
Pradesh_2-Sarlahi-2-Independent,93
Pradesh_2-Sarlahi-2-Independent,29
Pradesh_2-Sarlahi-2-Independent,22
Pradesh_2-Sarlahi-2-Independent,21
Pradesh_2-Sarlahi-2-Rastriya_Janamukti_Party,20
Pradesh_2-Sarlahi-2-Independent,19
Pradesh_2-Sarlahi-2-Independent,13
Pradesh_2-Sarlahi-2-Independent,10
Pradesh_2-Sarlahi-2-Independent,10
Pradesh_2-Sarlahi-2-Independent,4
Pradesh_2-Sarlahi-2-Independent,3
Pradesh_2-Sarlahi-2-Independent,3
Pradesh_2-Sarlahi-2-Independent,3
Pradesh_2-Sarlahi-3-NCP_Maobadi,22367
Pradesh_2-Sarlahi-3-Nepali_Congress,14929
Pradesh_2-Sarlahi-3-Independent,12086
Pradesh_2-Sarlahi-3-Sanghiya_Samajbadi_Forum_Nepal,10834
Pradesh_2-Sarlahi-3-Deshbhakta_Ganatantrik_Morcha,1036
Pradesh_2-Sarlahi-3-NayaSakti,534
Pradesh_2-Sarlahi-3-Independent,472
Pradesh_2-Sarlahi-3-Unified_RPP_Rastrabadi,341
Pradesh_2-Sarlahi-3-Nepal_Sanghiya_Samajbadi_Party,328
Pradesh_2-Sarlahi-3-Independent,322
Pradesh_2-Sarlahi-3-Independent,128
Pradesh_2-Sarlahi-3-Liberal_Democratic,81
Pradesh_2-Sarlahi-3-Independent,54
Pradesh_2-Sarlahi-3-Independent,51
Pradesh_2-Sarlahi-3-Independent,38
Pradesh_2-Sarlahi-3-Independent,37
Pradesh_2-Sarlahi-3-Independent,28
Pradesh_2-Sarlahi-3-Independent,27
Pradesh_2-Sarlahi-3-Independent,14
Pradesh_2-Sarlahi-4-Nepali_Congress,29675
Pradesh_2-Sarlahi-4-Rastriya_Janata_Party,28136
Pradesh_2-Sarlahi-4-Nepali_Janata_Dal,468
Pradesh_2-Sarlahi-4-Independent,460
Pradesh_2-Sarlahi-4-NayaSakti,213
Pradesh_2-Sarlahi-4-Independent,146
Pradesh_2-Sarlahi-4-Deshbhakta_Loktantrik_Party,54
Pradesh_2-Sarlahi-4-Independent,51
Pradesh_2-Sarlahi-4-Independent,45
Pradesh_2-Sarlahi-4-Independent,16
Pradesh_2-Sarlahi-4-Independent,14
Pradesh_2-Sarlahi-4-Independent,13
Pradesh_2-Sarlahi-4-Independent,11
Pradesh_2-Sarlahi-4-Independent,6
Pradesh_2-Sarlahi-4-Independent,4
Pradesh_2-Rautahat-1-Rastriya_Janata_Party,21472
Pradesh_2-Rautahat-1-Nepali_Congress,15874
Pradesh_2-Rautahat-1-NCP_Maobadi,12331
Pradesh_2-Rautahat-1-Independent,1669
Pradesh_2-Rautahat-1-Bahujan_Shakti_Party,416
Pradesh_2-Rautahat-1-Nepali_Janata_Dal,338
Pradesh_2-Rautahat-1-Madhesh_Terai_Forum,152
Pradesh_2-Rautahat-1-Sanghiya_Loktantrik_Tharuhat,121
Pradesh_2-Rautahat-1-Nepal_Majdur_Kisaan_Party,85
Pradesh_2-Rautahat-1-Independent,82
Pradesh_2-Rautahat-1-NayaSakti,74
Pradesh_2-Rautahat-1-Independent,56
Pradesh_2-Rautahat-1-Bahujan_Samaj,32
Pradesh_2-Rautahat-1-Independent,32
Pradesh_2-Rautahat-1-Dalit_Muslim_Janasakti_Party,25
Pradesh_2-Rautahat-1-Independent,18
Pradesh_2-Rautahat-1-Independent,12
Pradesh_2-Rautahat-1-Independent,11
Pradesh_2-Rautahat-1-Independent,10
Pradesh_2-Rautahat-1-Independent,8
Pradesh_2-Rautahat-1-Independent,6
Pradesh_2-Rautahat-1-Independent,5
Pradesh_2-Rautahat-1-Independent,5
Pradesh_2-Rautahat-1-Independent,5
Pradesh_2-Rautahat-1-Independent,5
Pradesh_2-Rautahat-1-Independent,4
Pradesh_2-Rautahat-1-Independent,4
Pradesh_2-Rautahat-1-Independent,4
Pradesh_2-Rautahat-1-Independent,4
Pradesh_2-Rautahat-1-Independent,3
Pradesh_2-Rautahat-1-Independent,3
Pradesh_2-Rautahat-2-Nepali_Congress,18833
Pradesh_2-Rautahat-2-Sanghiya_Samajbadi_Forum_Nepal,16865
Pradesh_2-Rautahat-2-NCP_UML,13883
Pradesh_2-Rautahat-2-Nepali_Janata_Dal,709
Pradesh_2-Rautahat-2-NCP_Maale,483
Pradesh_2-Rautahat-2-Independent,336
Pradesh_2-Rautahat-2-Nepal_Janata_Party,230
Pradesh_2-Rautahat-2-Rastriya_Yetharthabadi_Party,204
Pradesh_2-Rautahat-2-Dalit_Muslim_Janasakti_Party,144
Pradesh_2-Rautahat-2-Rastriya_Janamorcha,93
Pradesh_2-Rautahat-2-Nepal_Majdur_Kisaan_Party,71
Pradesh_2-Rautahat-2-Nepal_Sanghiya_Samajbadi_Party,45
Pradesh_2-Rautahat-2-Unified_RPP_Rastrabadi,43
Pradesh_2-Rautahat-2-Independent,29
Pradesh_2-Rautahat-2-Independent,18
Pradesh_2-Rautahat-2-Independent,16
Pradesh_2-Rautahat-2-Independent,15
Pradesh_2-Rautahat-2-Independent,14
Pradesh_2-Rautahat-3-NCP_Maobadi,27799
Pradesh_2-Rautahat-3-Nepali_Congress,18206
Pradesh_2-Rautahat-3-Rastriya_Janata_Party,14658
Pradesh_2-Rautahat-3-Nepali_Janata_Dal,362
Pradesh_2-Rautahat-3-Unified_RPP_Rastrabadi,289
Pradesh_2-Rautahat-3-Bahujan_Shakti_Party,282
Pradesh_2-Rautahat-3-Independent,67
Pradesh_2-Rautahat-3-Independent,57
Pradesh_2-Rautahat-3-Rastriya_Janamorcha,53
Pradesh_2-Rautahat-3-Independent,49
Pradesh_2-Rautahat-3-Independent,34
Pradesh_2-Rautahat-3-Nepal_Majdur_Kisaan_Party,21
Pradesh_2-Rautahat-3-Independent,17
Pradesh_2-Rautahat-3-Independent,12
Pradesh_2-Rautahat-3-Independent,9
Pradesh_2-Rautahat-3-Independent,7
Pradesh_2-Rautahat-3-Independent,7
Pradesh_2-Rautahat-3-Independent,5
Pradesh_2-Rautahat-3-Independent,5
Pradesh_2-Rautahat-3-Independent,5
Pradesh_2-Rautahat-3-Independent,4
Pradesh_2-Rautahat-3-Independent,4
Pradesh_2-Rautahat-3-Independent,3
Pradesh_2-Rautahat-3-Independent,3
Pradesh_2-Rautahat-4-Nepali_Congress,28228
Pradesh_2-Rautahat-4-NCP_UML,23006
Pradesh_2-Rautahat-4-Rastriya_Janata_Party,7881
Pradesh_2-Rautahat-4-NCP_Maale,607
Pradesh_2-Rautahat-4-Nepal_Sanghiya_Samajbadi_Party,146
Pradesh_2-Rautahat-4-Unified_RPP_Rastrabadi,80
Pradesh_2-Rautahat-4-Deshbhakta_Ganatantrik_Morcha,79
Pradesh_2-Rautahat-4-Bibeksheel_Sajha,52
Pradesh_2-Rautahat-4-Nepal_Majdur_Kisaan_Party,41
Pradesh_2-Rautahat-4-Nepal_Janata_Party,32
Pradesh_2-Rautahat-4-Independent,25
Pradesh_2-Rautahat-4-Lokkalyankari_Janata_Party,18
Pradesh_2-Rautahat-4-Independent,17
Pradesh_2-Rautahat-4-Independent,6
Pradesh_2-Rautahat-4-Independent,6
Pradesh_2-Rautahat-4-Independent,6
Pradesh_2-Rautahat-4-Independent,6
Pradesh_2-Rautahat-4-Independent,4
Pradesh_2-Bara-1-Nepali_Congress,24450
Pradesh_2-Bara-1-NCP_UML,22030
Pradesh_2-Bara-1-Rastriya_Janata_Party,20144
Pradesh_2-Bara-1-Bibeksheel_Sajha,200
Pradesh_2-Bara-1-Deshbhakta_Ganatantrik_Morcha,139
Pradesh_2-Bara-1-NayaSakti,102
Pradesh_2-Bara-1-Rastriya_Janamorcha,78
Pradesh_2-Bara-1-Independent,26
Pradesh_2-Bara-1-Independent,22
Pradesh_2-Bara-1-Independent,19
Pradesh_2-Bara-1-Independent,12
Pradesh_2-Bara-2-Sanghiya_Samajbadi_Forum_Nepal,28185
Pradesh_2-Bara-2-Nepali_Congress,15790
Pradesh_2-Bara-2-NCP_Maobadi,10546
Pradesh_2-Bara-2-Nepali_Janata_Dal,545
Pradesh_2-Bara-2-NayaSakti,439
Pradesh_2-Bara-2-Rastriya_Yetharthabadi_Party,298
Pradesh_2-Bara-2-Unified_RPP_Rastrabadi,214
Pradesh_2-Bara-2-Independent,77
Pradesh_2-Bara-2-Independent,73
Pradesh_2-Bara-2-Independent,57
Pradesh_2-Bara-2-Independent,51
Pradesh_2-Bara-2-Independent,41
Pradesh_2-Bara-2-Independent,39
Pradesh_2-Bara-3-Sanghiya_Samajbadi_Forum_Nepal,21336
Pradesh_2-Bara-3-NCP_UML,16362
Pradesh_2-Bara-3-Nepali_Congress,16086
Pradesh_2-Bara-3-Nepal_Janata_Party,463
Pradesh_2-Bara-3-Nepal_Majdur_Kisaan_Party,415
Pradesh_2-Bara-3-Rastriya_Janamorcha,354
Pradesh_2-Bara-3-Nepal_Sanghiya_Samajbadi_Party,287
Pradesh_2-Bara-3-Unified_RPP_Rastrabadi,231
Pradesh_2-Bara-3-NayaSakti,192
Pradesh_2-Bara-3-Rastriya_Janamukti_Party,64
Pradesh_2-Bara-3-Independent,50
Pradesh_2-Bara-3-Independent,45
Pradesh_2-Bara-4-Rastriya_Janata_Party,22275
Pradesh_2-Bara-4-NCP_UML,20607
Pradesh_2-Bara-4-Nepali_Congress,14516
Pradesh_2-Bara-4-Unified_RPP_Rastrabadi,828
Pradesh_2-Bara-4-NayaSakti,704
Pradesh_2-Bara-4-Bibeksheel_Sajha,547
Pradesh_2-Bara-4-Lokkalyankari_Janata_Party,258
Pradesh_2-Bara-4-Rastriya_Janamorcha,155
Pradesh_2-Bara-4-Rastriya_Samajbadi_Party_Nepal,90
Pradesh_2-Bara-4-Independent,88
Pradesh_2-Bara-4-Independent,37
Pradesh_2-Bara-4-Independent,28
Pradesh_2-Parsa-1-Sanghiya_Samajbadi_Forum_Nepal,21132
Pradesh_2-Parsa-1-Nepali_Congress,16481
Pradesh_2-Parsa-1-NCP_UML,5418
Pradesh_2-Parsa-1-NCP_Maale,608
Pradesh_2-Parsa-1-Nepal_Sanghiya_Samajbadi_Party,311
Pradesh_2-Parsa-1-Unified_RPP_Rastrabadi,147
Pradesh_2-Parsa-1-Independent,118
Pradesh_2-Parsa-1-Bibeksheel_Sajha,104
Pradesh_2-Parsa-1-Rastriya_Janamorcha,58
Pradesh_2-Parsa-1-NCP_Maxist,41
Pradesh_2-Parsa-1-Independent,36
Pradesh_2-Parsa-1-Deshbhakta_Loktantrik_Party,27
Pradesh_2-Parsa-1-Independent,25
Pradesh_2-Parsa-1-Nepal_Majdur_Kisaan_Party,24
Pradesh_2-Parsa-1-Independent,21
Pradesh_2-Parsa-1-Independent,13
Pradesh_2-Parsa-1-Independent,8
Pradesh_2-Parsa-1-Independent,7
Pradesh_2-Parsa-1-Independent,6
Pradesh_2-Parsa-1-Independent,5
Pradesh_2-Parsa-1-Independent,4
Pradesh_2-Parsa-1-Independent,4
Pradesh_2-Parsa-2-Sanghiya_Samajbadi_Forum_Nepal,21169
Pradesh_2-Parsa-2-Nepali_Congress,19704
Pradesh_2-Parsa-2-NCP_Maobadi,6729
Pradesh_2-Parsa-2-Janasawajbadi_Party,619
Pradesh_2-Parsa-2-Nepali_Janata_Dal,494
Pradesh_2-Parsa-2-Unified_RPP_Rastrabadi,161
Pradesh_2-Parsa-2-Independent,115
Pradesh_2-Parsa-2-Deshbhakta_Loktantrik_Party,80
Pradesh_2-Parsa-2-Independent,51
Pradesh_2-Parsa-2-Independent,32
Pradesh_2-Parsa-2-Independent,28
Pradesh_2-Parsa-2-Independent,22
Pradesh_2-Parsa-2-Independent,21
Pradesh_2-Parsa-2-Independent,14
Pradesh_2-Parsa-2-Independent,6
Pradesh_2-Parsa-3-Sanghiya_Samajbadi_Forum_Nepal,15168
Pradesh_2-Parsa-3-Nepali_Congress,13801
Pradesh_2-Parsa-3-NCP_UML,10986
Pradesh_2-Parsa-3-Nepal_Sanghiya_Samajbadi_Party,10009
Pradesh_2-Parsa-3-Bahujan_Shakti_Party,232
Pradesh_2-Parsa-3-Independent,164
Pradesh_2-Parsa-3-Unified_RPP_Rastrabadi,142
Pradesh_2-Parsa-3-Independent,101
Pradesh_2-Parsa-3-Independent,74
Pradesh_2-Parsa-3-Nepal_Majdur_Kisaan_Party,66
Pradesh_2-Parsa-3-Independent,53
Pradesh_2-Parsa-3-Independent,27
Pradesh_2-Parsa-3-Independent,25
Pradesh_2-Parsa-3-Independent,15
Pradesh_2-Parsa-4-Rastriya_Janata_Party,20738
Pradesh_2-Parsa-4-Nepali_Congress,14702
Pradesh_2-Parsa-4-NCP_Maobadi,9617
Pradesh_2-Parsa-4-Nepal_Sanghiya_Samajbadi_Party,2789
Pradesh_2-Parsa-4-Janasawajbadi_Party,1130
Pradesh_2-Parsa-4-Nepali_Janata_Dal,378
Pradesh_2-Parsa-4-Unified_RPP_Rastrabadi,192
Pradesh_2-Parsa-4-Nepal_Majdur_Kisaan_Party,71
Pradesh_2-Parsa-4-Independent,65
Pradesh_2-Parsa-4-Independent,49
Pradesh_2-Parsa-4-Independent,29
Pradesh_2-Parsa-4-Independent,16
Pradesh_2-Parsa-4-Independent,15
Pradesh_3-Dolakha-1-NCP_UML,55457
Pradesh_3-Dolakha-1-Nepali_Congress,24813
Pradesh_3-Dolakha-1-Mangol_National_Org,772
Pradesh_3-Dolakha-1-Sanghiya_Samajbadi_Forum_Nepal,308
Pradesh_3-Dolakha-1-Bibeksheel_Sajha,303
Pradesh_3-Dolakha-1-NayaSakti,170
Pradesh_3-Dolakha-1-NCP_Maxist,166
Pradesh_3-Dolakha-1-Deshbhakta_Ganatantrik_Morcha,163
Pradesh_3-Dolakha-1-Rastriya_Janamukti_Party,99
Pradesh_3-Dolakha-1-Liberal_Democratic,61
Pradesh_3-Dolakha-1-Independent,44
Pradesh_3-Dolakha-1-Nepal_Majdur_Kisaan_Party,31
Pradesh_3-Dolakha-1-Independent,26
Pradesh_3-Dolakha-1-Independent,13
Pradesh_3-Dolakha-1-Independent,12
Pradesh_3-Ramechaap-1-NCP_Maobadi,42117
Pradesh_3-Ramechaap-1-Nepali_Congress,35771
Pradesh_3-Ramechaap-1-NCP_Maale,3285
Pradesh_3-Ramechaap-1-Unified_RPP_Rastrabadi,343
Pradesh_3-Ramechaap-1-NayaSakti,336
Pradesh_3-Ramechaap-1-Deshbhakta_Ganatantrik_Morcha,278
Pradesh_3-Ramechaap-1-Rastriya_Samajbadi_Party_Nepal,276
Pradesh_3-Ramechaap-1-Sanghiya_Samajbadi_Forum_Nepal,270
Pradesh_3-Ramechaap-1-Rastriya_Janata_Party,233
Pradesh_3-Ramechaap-1-Mangol_National_Org,118
Pradesh_3-Ramechaap-1-Nepal_Dalit_Party,55
Pradesh_3-Ramechaap-1-Liberal_Democratic,48
Pradesh_3-Sindhuli-1-NCP_UML,32529
Pradesh_3-Sindhuli-1-Nepali_Congress,22389
Pradesh_3-Sindhuli-1-NCP_Maale,888
Pradesh_3-Sindhuli-1-NayaSakti,648
Pradesh_3-Sindhuli-1-Deshbhakta_Ganatantrik_Morcha,343
Pradesh_3-Sindhuli-1-Sanghiya_Samajbadi_Forum_Nepal,236
Pradesh_3-Sindhuli-1-NCP_Maxist,128
Pradesh_3-Sindhuli-2-NCP_Maobadi,30179
Pradesh_3-Sindhuli-2-Nepali_Congress,18127
Pradesh_3-Sindhuli-2-NCP_Maale,1272
Pradesh_3-Sindhuli-2-NayaSakti,455
Pradesh_3-Sindhuli-2-Rastriya_Mukti_Andolan_Nepal,382
Pradesh_3-Sindhuli-2-Sanghiya_Samajbadi_Forum_Nepal,371
Pradesh_3-Sindhuli-2-Rastriya_Janamukti_Party,160
Pradesh_3-Sindhuli-2-Rastriya_Janamorcha,121
Pradesh_3-Sindhuli-2-Deshbhakta_Ganatantrik_Morcha,104
Pradesh_3-Sindhuli-2-NCP_Maxist,86
Pradesh_3-Rasuwa-1-Nepali_Congress,14453
Pradesh_3-Rasuwa-1-NCP_UML,10278
Pradesh_3-Rasuwa-1-Independent,104
Pradesh_3-Rasuwa-1-Mangol_National_Org,44
Pradesh_3-Rasuwa-1-Independent,15
Pradesh_3-Rasuwa-1-Independent,14
Pradesh_3-Rasuwa-1-Independent,14
Pradesh_3-Rasuwa-1-Liberal_Democratic,8
Pradesh_3-Rasuwa-1-Independent,8
Pradesh_3-Rasuwa-1-Independent,3
Pradesh_3-Rasuwa-1-Independent,1
Pradesh_3-Dhading-1-NCP_UML,49121
Pradesh_3-Dhading-1-Nepali_Congress,21968
Pradesh_3-Dhading-1-Janasawajbadi_Party,2060
Pradesh_3-Dhading-1-Bibeksheel_Sajha,347
Pradesh_3-Dhading-1-NayaSakti,336
Pradesh_3-Dhading-1-Unified_RPP_Rastrabadi,294
Pradesh_3-Dhading-1-Independent,27
Pradesh_3-Dhading-1-Independent,17
Pradesh_3-Dhading-2-NCP_UML,36256
Pradesh_3-Dhading-2-Nepali_Congress,35616
Pradesh_3-Dhading-2-Nepali_Janata_Dal,577
Pradesh_3-Dhading-2-Unified_RPP_Rastrabadi,346
Pradesh_3-Dhading-2-Mangol_National_Org,138
Pradesh_3-Dhading-2-Rastriya_Janata_Party,100
Pradesh_3-Dhading-2-Independent,70
Pradesh_3-Dhading-2-Sanghiya_Loktantrik,67
Pradesh_3-Dhading-2-Independent,37
Pradesh_3-Dhading-2-Independent,26
Pradesh_3-Dhading-2-Independent,10
Pradesh_3-Nuwakot-1-NCP_Maobadi,36473
Pradesh_3-Nuwakot-1-Nepali_Congress,27920
Pradesh_3-Nuwakot-1-Unified_RPP_Rastrabadi,898
Pradesh_3-Nuwakot-1-Mangol_National_Org,178
Pradesh_3-Nuwakot-1-Sanghiya_Samajbadi_Forum_Nepal,162
Pradesh_3-Nuwakot-1-Nepal_Janaloktantra_Party,138
Pradesh_3-Nuwakot-1-Independent,84
Pradesh_3-Nuwakot-1-Independent,70
Pradesh_3-Nuwakot-1-Independent,60
Pradesh_3-Nuwakot-1-Rastriya_Janamorcha,45
Pradesh_3-Nuwakot-2-NCP_UML,36892
Pradesh_3-Nuwakot-2-Nepali_Congress,26335
Pradesh_3-Nuwakot-2-NCP_Maale,947
Pradesh_3-Nuwakot-2-NayaSakti,252
Pradesh_3-Nuwakot-2-Sanghiya_Samajbadi_Forum_Nepal,209
Pradesh_3-Nuwakot-2-Bibeksheel_Sajha,205
Pradesh_3-Nuwakot-2-Mangol_National_Org,121
Pradesh_3-Nuwakot-2-Deshbhakta_Ganatantrik_Morcha,96
Pradesh_3-Kathmandu-1-Nepali_Congress,10936
Pradesh_3-Kathmandu-1-Bibeksheel_Sajha,10118
Pradesh_3-Kathmandu-1-NCP_Maobadi,5336
Pradesh_3-Kathmandu-1-NCP_Maale,315
Pradesh_3-Kathmandu-1-Nepali_Congress_BP,196
Pradesh_3-Kathmandu-1-Nepali_Janata_Dal,174
Pradesh_3-Kathmandu-1-NayaSakti,117
Pradesh_3-Kathmandu-1-Rastriya_Janata_Party,100
Pradesh_3-Kathmandu-1-Sanghiya_Samajbadi_Forum_Nepal,93
Pradesh_3-Kathmandu-1-Deshbhakta_Ganatantrik_Morcha,51
Pradesh_3-Kathmandu-1-Nepal_Janata_Party,49
Pradesh_3-Kathmandu-1-Nepal_Majdur_Kisaan_Party,47
Pradesh_3-Kathmandu-1-Janaprajatantrik_Party_Nepal,39
Pradesh_3-Kathmandu-1-Rastriya_Janamorcha,33
Pradesh_3-Kathmandu-1-Independent,18
Pradesh_3-Kathmandu-1-Hamro_Party,17
Pradesh_3-Kathmandu-1-Independent,14
Pradesh_3-Kathmandu-1-Independent,12
Pradesh_3-Kathmandu-1-Independent,11
Pradesh_3-Kathmandu-1-Independent,3
Pradesh_3-Kathmandu-1-Independent,2
Pradesh_3-Kathmandu-1-Independent,1
Pradesh_3-Kathmandu-2-NCP_UML,27366
Pradesh_3-Kathmandu-2-Nepali_Congress,14903
Pradesh_3-Kathmandu-2-Bibeksheel_Sajha,7437
Pradesh_3-Kathmandu-2-Janasawajbadi_Party,279
Pradesh_3-Kathmandu-2-Nepali_Janata_Dal,266
Pradesh_3-Kathmandu-2-Unified_RPP_Rastrabadi,189
Pradesh_3-Kathmandu-2-NayaSakti,151
Pradesh_3-Kathmandu-2-Sanghiya_Samajbadi_Forum_Nepal,134
Pradesh_3-Kathmandu-2-Nepal_Majdur_Kisaan_Party,79
Pradesh_3-Kathmandu-2-Deshbhakta_Ganatantrik_Morcha,73
Pradesh_3-Kathmandu-2-Green_Party,64
Pradesh_3-Kathmandu-2-Rastriya_Janata_Party,63
Pradesh_3-Kathmandu-2-Rastriya_Janamorcha,60
Pradesh_3-Kathmandu-2-Rastriya_Janamukti_Party,36
Pradesh_3-Kathmandu-2-Hamro_Party,30
Pradesh_3-Kathmandu-2-Chure_Bhawar,30
Pradesh_3-Kathmandu-2-Liberal_Democratic,24
Pradesh_3-Kathmandu-2-Independent,20
Pradesh_3-Kathmandu-2-Independent,15
Pradesh_3-Kathmandu-2-Independent,10
Pradesh_3-Kathmandu-2-Independent,9
Pradesh_3-Kathmandu-2-Nepali_Greens,8
Pradesh_3-Kathmandu-2-Independent,7
Pradesh_3-Kathmandu-2-Independent,2
Pradesh_3-Kathmandu-3-NCP_UML,19169
Pradesh_3-Kathmandu-3-Nepali_Congress,14884
Pradesh_3-Kathmandu-3-Bibeksheel_Sajha,2205
Pradesh_3-Kathmandu-3-NCP_Maale,408
Pradesh_3-Kathmandu-3-Sanghiya_Samajbadi_Forum_Nepal,192
Pradesh_3-Kathmandu-3-NayaSakti,129
Pradesh_3-Kathmandu-3-Unified_RPP_Rastrabadi,124
Pradesh_3-Kathmandu-3-Deshbhakta_Ganatantrik_Morcha,108
Pradesh_3-Kathmandu-3-Rastriya_Mukti_Andolan_Nepal,101
Pradesh_3-Kathmandu-3-Nepali_Greens,70
Pradesh_3-Kathmandu-3-Nepal_Majdur_Kisaan_Party,55
Pradesh_3-Kathmandu-3-Rastriya_Janamorcha,25
Pradesh_3-Kathmandu-3-Mangol_National_Org,14
Pradesh_3-Kathmandu-3-Hamro_Party,11
Pradesh_3-Kathmandu-3-Independent,9
Pradesh_3-Kathmandu-3-Independent,8
Pradesh_3-Kathmandu-3-Independent,5
Pradesh_3-Kathmandu-4-Nepali_Congress,21558
Pradesh_3-Kathmandu-4-NCP_UML,18140
Pradesh_3-Kathmandu-4-Bibeksheel_Sajha,3040
Pradesh_3-Kathmandu-4-NCP_Maale,154
Pradesh_3-Kathmandu-4-NayaSakti,133
Pradesh_3-Kathmandu-4-Sanghiya_Samajbadi_Forum_Nepal,112
Pradesh_3-Kathmandu-4-Unified_RPP_Rastrabadi,88
Pradesh_3-Kathmandu-4-Rastriya_Janata_Party,63
Pradesh_3-Kathmandu-4-Nepal_Majdur_Kisaan_Party,48
Pradesh_3-Kathmandu-4-Janaprajatantrik_Party_Nepal,43
Pradesh_3-Kathmandu-4-Nepal_Sanghiya_Samajbadi_Party,38
Pradesh_3-Kathmandu-4-Rastriya_Janamukti_Party,28
Pradesh_3-Kathmandu-4-Hamro_Party,20
Pradesh_3-Kathmandu-4-Independent,18
Pradesh_3-Kathmandu-4-Independent,11
Pradesh_3-Kathmandu-4-Muskaan_Sena_Nepal,10
Pradesh_3-Kathmandu-4-Independent,9
Pradesh_3-Kathmandu-4-Independent,8
Pradesh_3-Kathmandu-4-Independent,6
Pradesh_3-Kathmandu-4-NCP_Maxist,6
Pradesh_3-Kathmandu-4-Independent,2
Pradesh_3-Kathmandu-5-NCP_UML,23029
Pradesh_3-Kathmandu-5-Nepali_Congress,13169
Pradesh_3-Kathmandu-5-Bibeksheel_Sajha,6853
Pradesh_3-Kathmandu-5-Nepal_Majdur_Kisaan_Party,636
Pradesh_3-Kathmandu-5-NayaSakti,241
Pradesh_3-Kathmandu-5-NCP_Maale,147
Pradesh_3-Kathmandu-5-Sanghiya_Samajbadi_Forum_Nepal,124
Pradesh_3-Kathmandu-5-Unified_RPP_Rastrabadi,121
Pradesh_3-Kathmandu-5-Deshbhakta_Ganatantrik_Morcha,66
Pradesh_3-Kathmandu-5-Rastriya_Janamorcha,58
Pradesh_3-Kathmandu-5-Janaprajatantrik_Party_Nepal,56
Pradesh_3-Kathmandu-5-Rastriya_Janata_Party,56
Pradesh_3-Kathmandu-5-Rastriya_Mukti_Andolan_Nepal,53
Pradesh_3-Kathmandu-5-Nepalbaad,37
Pradesh_3-Kathmandu-5-Rastriya_Shivasena_Party,20
Pradesh_3-Kathmandu-5-Muskaan_Sena_Nepal,12
Pradesh_3-Kathmandu-5-Hamro_Party,11
Pradesh_3-Kathmandu-5-Independent,10
Pradesh_3-Kathmandu-5-Independent,8
Pradesh_3-Kathmandu-5-Independent,3
Pradesh_3-Kathmandu-6-Nepali_Congress,16785
Pradesh_3-Kathmandu-6-NCP_Maobadi,15485
Pradesh_3-Kathmandu-6-Bibeksheel_Sajha,4225
Pradesh_3-Kathmandu-6-Janasawajbadi_Party,791
Pradesh_3-Kathmandu-6-Nepal_Majdur_Kisaan_Party,541
Pradesh_3-Kathmandu-6-NayaSakti,431
Pradesh_3-Kathmandu-6-Unified_RPP_Rastrabadi,333
Pradesh_3-Kathmandu-6-Sanghiya_Samajbadi_Forum_Nepal,266
Pradesh_3-Kathmandu-6-Deshbhakta_Ganatantrik_Morcha,138
Pradesh_3-Kathmandu-6-Nepali_Congress_BP,91
Pradesh_3-Kathmandu-6-Rastriya_Janamorcha,65
Pradesh_3-Kathmandu-6-Independent,36
Pradesh_3-Kathmandu-6-Independent,29
Pradesh_3-Kathmandu-6-Independent,27
Pradesh_3-Kathmandu-6-Rastriya_Nagarik_Party,25
Pradesh_3-Kathmandu-7-NCP_UML,18102
Pradesh_3-Kathmandu-7-RPP,10079
Pradesh_3-Kathmandu-7-Bibeksheel_Sajha,5376
Pradesh_3-Kathmandu-7-Sanghiya_Samajbadi_Forum_Nepal,1781
Pradesh_3-Kathmandu-7-NayaSakti,728
Pradesh_3-Kathmandu-7-NCP_Maale,362
Pradesh_3-Kathmandu-7-Unified_RPP_Rastrabadi,261
Pradesh_3-Kathmandu-7-Nepal_Majdur_Kisaan_Party,193
Pradesh_3-Kathmandu-7-Independent,147
Pradesh_3-Kathmandu-7-Deshbhakta_Ganatantrik_Morcha,131
Pradesh_3-Kathmandu-7-Nepali_Congress_BP,108
Pradesh_3-Kathmandu-7-Rastriya_Janamorcha,106
Pradesh_3-Kathmandu-7-Independent,30
Pradesh_3-Kathmandu-7-Independent,11
Pradesh_3-Kathmandu-8-NCP_UML,13397
Pradesh_3-Kathmandu-8-Nepali_Congress,12953
Pradesh_3-Kathmandu-8-Bibeksheel_Sajha,4414
Pradesh_3-Kathmandu-8-Janasawajbadi_Party,437
Pradesh_3-Kathmandu-8-NayaSakti,274
Pradesh_3-Kathmandu-8-Deshbhakta_Ganatantrik_Morcha,240
Pradesh_3-Kathmandu-8-Unified_RPP_Rastrabadi,202
Pradesh_3-Kathmandu-8-Nepal_Majdur_Kisaan_Party,139
Pradesh_3-Kathmandu-8-Nepal_Sanghiya_Samajbadi_Party,35
Pradesh_3-Kathmandu-9-NCP_UML,22852
Pradesh_3-Kathmandu-9-Nepali_Congress,14802
Pradesh_3-Kathmandu-9-Bibeksheel_Sajha,4946
Pradesh_3-Kathmandu-9-Nepal_Majdur_Kisaan_Party,434
Pradesh_3-Kathmandu-9-Sanghiya_Samajbadi_Forum_Nepal,402
Pradesh_3-Kathmandu-9-Deshbhakta_Ganatantrik_Morcha,402
Pradesh_3-Kathmandu-9-NayaSakti,281
Pradesh_3-Kathmandu-9-Unified_RPP_Rastrabadi,219
Pradesh_3-Kathmandu-9-Rastriya_Janata_Party,176
Pradesh_3-Kathmandu-9-Nepa_Rastriya_Party,173
Pradesh_3-Kathmandu-9-Nepali_Congress_BP,171
Pradesh_3-Kathmandu-9-Rastriya_Janamorcha,117
Pradesh_3-Kathmandu-9-Aamul_Paribartan_Masiha,83
Pradesh_3-Kathmandu-9-Independent,16
Pradesh_3-Kathmandu-10-Nepali_Congress,24190
Pradesh_3-Kathmandu-10-NCP_Maobadi,21907
Pradesh_3-Kathmandu-10-Bibeksheel_Sajha,2003
Pradesh_3-Kathmandu-10-NCP_Maale,1757
Pradesh_3-Kathmandu-10-NayaSakti,1195
Pradesh_3-Kathmandu-10-Nepali_Congress_BP,927
Pradesh_3-Kathmandu-10-Nepal_Majdur_Kisaan_Party,366
Pradesh_3-Kathmandu-10-Deshbhakta_Ganatantrik_Morcha,278
Pradesh_3-Kathmandu-10-Sanghiya_Samajbadi_Forum_Nepal,193
Pradesh_3-Kathmandu-10-Unified_RPP_Rastrabadi,165
Pradesh_3-Kathmandu-10-Rastriya_Janata_Party,108
Pradesh_3-Kathmandu-10-Rastriya_Janamorcha,100
Pradesh_3-Kathmandu-10-Aamul_Paribartan_Masiha,85
Pradesh_3-Kathmandu-10-Nepal_Sanghiya_Samajbadi_Party,38
Pradesh_3-Kathmandu-10-Independent,29
Pradesh_3-Bhaktapur-1-Nepal_Majdur_Kisaan_Party,33076
Pradesh_3-Bhaktapur-1-Nepali_Congress,17818
Pradesh_3-Bhaktapur-1-NCP_Maobadi,15374
Pradesh_3-Bhaktapur-1-Bibeksheel_Sajha,2330
Pradesh_3-Bhaktapur-1-Unified_RPP_Rastrabadi,662
Pradesh_3-Bhaktapur-1-Chure_Bhawar,296
Pradesh_3-Bhaktapur-1-Rastriya_Janamorcha,292
Pradesh_3-Bhaktapur-1-NayaSakti,265
Pradesh_3-Bhaktapur-1-Deshbhakta_Ganatantrik_Morcha,186
Pradesh_3-Bhaktapur-1-Independent,81
Pradesh_3-Bhaktapur-1-Independent,64
Pradesh_3-Bhaktapur-1-Independent,21
Pradesh_3-Bhaktapur-2-NCP_UML,36412
Pradesh_3-Bhaktapur-2-Nepali_Congress,18687
Pradesh_3-Bhaktapur-2-Nepal_Majdur_Kisaan_Party,5471
Pradesh_3-Bhaktapur-2-Bibeksheel_Sajha,1784
Pradesh_3-Bhaktapur-2-NCP_Maale,300
Pradesh_3-Bhaktapur-2-Unified_RPP_Rastrabadi,147
Pradesh_3-Bhaktapur-2-NayaSakti,125
Pradesh_3-Bhaktapur-2-Rastriya_Janamorcha,61
Pradesh_3-Bhaktapur-2-Rastriya_Janamukti_Party,52
Pradesh_3-Bhaktapur-2-Independent,22
Pradesh_3-Bhaktapur-2-Independent,20
Pradesh_3-Bhaktapur-2-Nepal_Dalit_Party,15
Pradesh_3-Bhaktapur-2-Independent,13
Pradesh_3-Lalitpur-1-NCP_UML,26951
Pradesh_3-Lalitpur-1-Nepali_Congress,20729
Pradesh_3-Lalitpur-1-NCP_Maale,515
Pradesh_3-Lalitpur-1-Bibeksheel_Sajha,255
Pradesh_3-Lalitpur-1-Deshbhakta_Ganatantrik_Morcha,122
Pradesh_3-Lalitpur-1-Sanghiya_Samajbadi_Forum_Nepal,121
Pradesh_3-Lalitpur-1-NayaSakti,95
Pradesh_3-Lalitpur-1-Nepal_Sanghiya_Samajbadi_Party,94
Pradesh_3-Lalitpur-1-Unified_RPP_Rastrabadi,66
Pradesh_3-Lalitpur-1-Nepal_Naulo_Janabadi_Party,40
Pradesh_3-Lalitpur-1-Nepal_Majdur_Kisaan_Party,38
Pradesh_3-Lalitpur-1-Liberal_Democratic,23
Pradesh_3-Lalitpur-1-Independent,20
Pradesh_3-Lalitpur-1-Independent,17
Pradesh_3-Lalitpur-1-Independent,8
Pradesh_3-Lalitpur-1-Independent,7
Pradesh_3-Lalitpur-1-Independent,4
Pradesh_3-Lalitpur-1-Independent,3
Pradesh_3-Lalitpur-1-Independent,3
Pradesh_3-Lalitpur-1-Independent,3
Pradesh_3-Lalitpur-1-Independent,1
Pradesh_3-Lalitpur-2-NCP_UML,27713
Pradesh_3-Lalitpur-2-Nepali_Congress,16945
Pradesh_3-Lalitpur-2-Bibeksheel_Sajha,5408
Pradesh_3-Lalitpur-2-NayaSakti,963
Pradesh_3-Lalitpur-2-Sanghiya_Samajbadi_Forum_Nepal,960
Pradesh_3-Lalitpur-2-Unified_RPP_Rastrabadi,237
Pradesh_3-Lalitpur-2-Rastriya_Janata_Party,155
Pradesh_3-Lalitpur-2-Chure_Bhawar,149
Pradesh_3-Lalitpur-2-Nepal_Majdur_Kisaan_Party,144
Pradesh_3-Lalitpur-2-Rastriya_Janamukti_Party,50
Pradesh_3-Lalitpur-2-Nepal_Naulo_Janabadi_Party,35
Pradesh_3-Lalitpur-2-Independent,26
Pradesh_3-Lalitpur-2-Independent,22
Pradesh_3-Lalitpur-3-NCP_Maobadi,24036
Pradesh_3-Lalitpur-3-Nepali_Congress,22328
Pradesh_3-Lalitpur-3-Bibeksheel_Sajha,7628
Pradesh_3-Lalitpur-3-NCP_Maale,2121
Pradesh_3-Lalitpur-3-NayaSakti,894
Pradesh_3-Lalitpur-3-Unified_RPP_Rastrabadi,689
Pradesh_3-Lalitpur-3-Sanghiya_Samajbadi_Forum_Nepal,628
Pradesh_3-Lalitpur-3-Independent,304
Pradesh_3-Lalitpur-3-Rastriya_Janata_Party,181
Pradesh_3-Lalitpur-3-Rastriya_Janamorcha,181
Pradesh_3-Lalitpur-3-Rastriya_Janamukti_Party,108
Pradesh_3-Lalitpur-3-Nepal_Majdur_Kisaan_Party,101
Pradesh_3-Lalitpur-3-Independent,15
Pradesh_3-Kavrepalanchowk-1-NCP_Maobadi,43631
Pradesh_3-Kavrepalanchowk-1-Nepali_Congress,39605
Pradesh_3-Kavrepalanchowk-1-NCP_Maale,3133
Pradesh_3-Kavrepalanchowk-1-Nepali_Janata_Dal,955
Pradesh_3-Kavrepalanchowk-1-Bibeksheel_Sajha,784
Pradesh_3-Kavrepalanchowk-1-Deshbhakta_Ganatantrik_Morcha,430
Pradesh_3-Kavrepalanchowk-1-Sanghiya_Samajbadi_Forum_Nepal,291
Pradesh_3-Kavrepalanchowk-1-Rastriya_Janata_Party,134
Pradesh_3-Kavrepalanchowk-1-Nepal_Majdur_Kisaan_Party,134
Pradesh_3-Kavrepalanchowk-1-NayaSakti,108
Pradesh_3-Kavrepalanchowk-1-Nepali_Congress_BP,44
Pradesh_3-Kavrepalanchowk-1-Nepal_Sanghiya_Samajbadi_Party,34
Pradesh_3-Kavrepalanchowk-1-Nepa_Rastriya_Party,33
Pradesh_3-Kavrepalanchowk-1-Liberal_Democratic,14
Pradesh_3-Kavrepalanchowk-1-Independent,13
Pradesh_3-Kavrepalanchowk-2-NCP_UML,55526
Pradesh_3-Kavrepalanchowk-2-Nepali_Congress,36753
Pradesh_3-Kavrepalanchowk-2-Nepali_Janata_Dal,1106
Pradesh_3-Kavrepalanchowk-2-Bibeksheel_Sajha,877
Pradesh_3-Kavrepalanchowk-2-NCP_Maale,725
Pradesh_3-Kavrepalanchowk-2-Nepal_Majdur_Kisaan_Party,707
Pradesh_3-Kavrepalanchowk-2-NayaSakti,315
Pradesh_3-Kavrepalanchowk-2-Rastriya_Janata_Party,206
Pradesh_3-Kavrepalanchowk-2-Deshbhakta_Ganatantrik_Morcha,153
Pradesh_3-Kavrepalanchowk-2-Sanghiya_Samajbadi_Forum_Nepal,127
Pradesh_3-Kavrepalanchowk-2-Independent,61
Pradesh_3-Sindhupalchowk-1-NCP_Maobadi,40504
Pradesh_3-Sindhupalchowk-1-Nepali_Congress,29798
Pradesh_3-Sindhupalchowk-1-Janasawajbadi_Party,1702
Pradesh_3-Sindhupalchowk-1-Sanghiya_Samajbadi_Forum_Nepal,283
Pradesh_3-Sindhupalchowk-1-Rastriya_Janamorcha,248
Pradesh_3-Sindhupalchowk-1-Unified_RPP_Rastrabadi,151
Pradesh_3-Sindhupalchowk-1-NayaSakti,125
Pradesh_3-Sindhupalchowk-1-Aamul_Paribartan_Masiha,110
Pradesh_3-Sindhupalchowk-1-Sanghiya_Khumbuban,108
Pradesh_3-Sindhupalchowk-1-Nepal_Majdur_Kisaan_Party,83
Pradesh_3-Sindhupalchowk-1-Tamangsaling_Loktantrik,77
Pradesh_3-Sindhupalchowk-1-Deshbhakta_Ganatantrik_Morcha,37
Pradesh_3-Sindhupalchowk-1-Nepal_Sanghiya_Samajbadi_Party,22
Pradesh_3-Sindhupalchowk-2-NCP_UML,38401
Pradesh_3-Sindhupalchowk-2-RPP_Democratic,30369
Pradesh_3-Sindhupalchowk-2-Unified_RPP_Rastrabadi,1341
Pradesh_3-Sindhupalchowk-2-NCP_Maale,1279
Pradesh_3-Sindhupalchowk-2-Bibeksheel_Sajha,153
Pradesh_3-Sindhupalchowk-2-NayaSakti,130
Pradesh_3-Sindhupalchowk-2-Independent,68
Pradesh_3-Sindhupalchowk-2-Deshbhakta_Ganatantrik_Morcha,55
Pradesh_3-Sindhupalchowk-2-Rastriya_Janamorcha,38
Pradesh_3-Makwanpur-1-NCP_UML,40631
Pradesh_3-Makwanpur-1-RPP,34658
Pradesh_3-Makwanpur-1-NCP_Maale,1419
Pradesh_3-Makwanpur-1-Bibeksheel_Sajha,1356
Pradesh_3-Makwanpur-1-Independent,467
Pradesh_3-Makwanpur-1-Sanghiya_Samajbadi_Forum_Nepal,263
Pradesh_3-Makwanpur-1-Rastriya_Janamukti_Party,238
Pradesh_3-Makwanpur-1-Deshbhakta_Ganatantrik_Morcha,184
Pradesh_3-Makwanpur-1-NayaSakti,171
Pradesh_3-Makwanpur-1-Unified_RPP_Rastrabadi,84
Pradesh_3-Makwanpur-1-Rastriya_Janamorcha,59
Pradesh_3-Makwanpur-1-Mangol_National_Org,53
Pradesh_3-Makwanpur-1-Nepal_Majdur_Kisaan_Party,51
Pradesh_3-Makwanpur-1-Independent,48
Pradesh_3-Makwanpur-1-Nepal_Sanghiya_Samajbadi_Party,32
Pradesh_3-Makwanpur-1-Independent,12
Pradesh_3-Makwanpur-2-NCP_UML,46481
Pradesh_3-Makwanpur-2-Nepali_Congress,34090
Pradesh_3-Makwanpur-2-NayaSakti,621
Pradesh_3-Makwanpur-2-Bibeksheel_Sajha,469
Pradesh_3-Makwanpur-2-Rastriya_Janamorcha,286
Pradesh_3-Makwanpur-2-Deshbhakta_Ganatantrik_Morcha,195
Pradesh_3-Makwanpur-2-Independent,192
Pradesh_3-Makwanpur-2-Mangol_National_Org,144
Pradesh_3-Makwanpur-2-Independent,87
Pradesh_3-Makwanpur-2-Rastriya_Janamukti_Party,58
Pradesh_3-Makwanpur-2-Independent,22
Pradesh_3-Chitwan-1-NCP_UML,51080
Pradesh_3-Chitwan-1-Nepali_Congress,35360
Pradesh_3-Chitwan-1-Bibeksheel_Sajha,718
Pradesh_3-Chitwan-1-NayaSakti,163
Pradesh_3-Chitwan-1-Rastriya_Janata_Party,140
Pradesh_3-Chitwan-1-Rastriya_Janamorcha,136
Pradesh_3-Chitwan-1-Deshbhakta_Ganatantrik_Morcha,98
Pradesh_3-Chitwan-1-Nepal_Majdur_Kisaan_Party,62
Pradesh_3-Chitwan-1-Sanghiya_Samajbadi_Forum_Nepal,55
Pradesh_3-Chitwan-1-Mangol_National_Org,40
Pradesh_3-Chitwan-1-Independent,23
Pradesh_3-Chitwan-1-Independent,15
Pradesh_3-Chitwan-1-Independent,14
Pradesh_3-Chitwan-2-NCP_UML,44670
Pradesh_3-Chitwan-2-Nepali_Congress,27314
Pradesh_3-Chitwan-2-Bibeksheel_Sajha,1245
Pradesh_3-Chitwan-2-NayaSakti,473
Pradesh_3-Chitwan-2-Unified_RPP_Rastrabadi,457
Pradesh_3-Chitwan-2-Deshbhakta_Ganatantrik_Morcha,178
Pradesh_3-Chitwan-2-Rastriya_Janamorcha,123
Pradesh_3-Chitwan-2-Independent,96
Pradesh_3-Chitwan-2-Rastriya_Janata_Party,91
Pradesh_3-Chitwan-2-Sanghiya_Samajbadi_Forum_Nepal,67
Pradesh_3-Chitwan-2-Nepal_Majdur_Kisaan_Party,58
Pradesh_3-Chitwan-2-Mangol_National_Org,58
Pradesh_3-Chitwan-2-Rastriya_Janamukti_Party,50
Pradesh_3-Chitwan-2-Independent,36
Pradesh_3-Chitwan-2-Independent,15
Pradesh_3-Chitwan-3-NCP_Maobadi,48276
Pradesh_3-Chitwan-3-RPP_Democratic,38935
Pradesh_3-Chitwan-3-NCP_Maale,1587
Pradesh_3-Chitwan-3-Bibeksheel_Sajha,441
Pradesh_3-Chitwan-3-Independent,355
Pradesh_3-Chitwan-3-Deshbhakta_Ganatantrik_Morcha,256
Pradesh_3-Chitwan-3-Independent,140
Pradesh_3-Chitwan-3-Sanghiya_Samajbadi_Forum_Nepal,129
Pradesh_3-Chitwan-3-Nepal_Dalit_Party,106
Pradesh_3-Chitwan-3-Nepal_Majdur_Kisaan_Party,23
Pradesh_3-Chitwan-3-Independent,22
Pradesh_3-Chitwan-3-Independent,11
Pradesh_3-Chitwan-3-Independent,9
Pradesh_3-Chitwan-3-Independent,3
Pradesh_4-Gorkha-1-NCP_Maobadi,29860
Pradesh_4-Gorkha-1-Nepali_Congress,26643
Pradesh_4-Gorkha-1-NCP_Maale,1639
Pradesh_4-Gorkha-1-Sanghiya_Samajbadi_Forum_Nepal,539
Pradesh_4-Gorkha-1-Bibeksheel_Sajha,256
Pradesh_4-Gorkha-1-Nepal_Sanghiya_Samajbadi_Party,156
Pradesh_4-Gorkha-1-Mangol_National_Org,110
Pradesh_4-Gorkha-1-Deshbhakta_Ganatantrik_Morcha,81
Pradesh_4-Gorkha-2-NayaSakti,31807
Pradesh_4-Gorkha-2-NCP_Maobadi,24933
Pradesh_4-Gorkha-2-Aamul_Paribartan_Masiha,180
Pradesh_4-Gorkha-2-Bibeksheel_Sajha,139
Pradesh_4-Gorkha-2-Rastriya_Janamukti_Party,121
Pradesh_4-Gorkha-2-Mangol_National_Org,115
Pradesh_4-Gorkha-2-Deshbhakta_Ganatantrik_Morcha,89
Pradesh_4-Gorkha-2-Nepal_Sanghiya_Samajbadi_Party,56
Pradesh_4-Gorkha-2-Nepal_Majdur_Kisaan_Party,39
Pradesh_4-Manang-1-NCP_UML,2300
Pradesh_4-Manang-1-Nepali_Congress,2021
Pradesh_4-Lamjung-1-NCP_Maobadi,39468
Pradesh_4-Lamjung-1-Nepali_Congress,31067
Pradesh_4-Lamjung-1-Janasawajbadi_Party,1406
Pradesh_4-Lamjung-1-Independent,732
Pradesh_4-Lamjung-1-Bibeksheel_Sajha,618
Pradesh_4-Lamjung-1-NayaSakti,602
Pradesh_4-Lamjung-1-Sanghiya_Samajbadi_Forum_Nepal,399
Pradesh_4-Lamjung-1-Rastriya_Janamukti_Party,103
Pradesh_4-Lamjung-1-Deshbhakta_Samaj,92
Pradesh_4-Lamjung-1-Mangol_National_Org,64
Pradesh_4-Lamjung-1-Deshbhakta_Ganatantrik_Morcha,29
Pradesh_4-Kaski-1-NCP_UML,39242
Pradesh_4-Kaski-1-Nepali_Congress,25826
Pradesh_4-Kaski-1-Sanghiya_Samajbadi_Forum_Nepal,786
Pradesh_4-Kaski-1-Bibeksheel_Sajha,589
Pradesh_4-Kaski-1-Nepali_Congress_BP,346
Pradesh_4-Kaski-1-NayaSakti,234
Pradesh_4-Kaski-1-Mangol_National_Org,175
Pradesh_4-Kaski-1-Deshbhakta_Ganatantrik_Morcha,105
Pradesh_4-Kaski-1-Rastriya_Janamorcha,100
Pradesh_4-Kaski-1-Aamul_Paribartan_Masiha,73
Pradesh_4-Kaski-1-Nepal_Dalit_Party,10
Pradesh_4-Kaski-2-NCP_UML,27207
Pradesh_4-Kaski-2-Nepali_Congress,18661
Pradesh_4-Kaski-2-Bibeksheel_Sajha,843
Pradesh_4-Kaski-2-NCP_Maale,539
Pradesh_4-Kaski-2-Sanghiya_Samajbadi_Forum_Nepal,340
Pradesh_4-Kaski-2-NayaSakti,283
Pradesh_4-Kaski-2-Mangol_National_Org,130
Pradesh_4-Kaski-2-Independent,119
Pradesh_4-Kaski-2-Rastriya_Janamorcha,108
Pradesh_4-Kaski-2-Deshbhakta_Ganatantrik_Morcha,82
Pradesh_4-Kaski-2-Nepal_Dalit_Party,65
Pradesh_4-Kaski-2-Rastriya_Janamukti_Party,51
Pradesh_4-Kaski-2-Sanghiya_Loktantrik,21
Pradesh_4-Kaski-3-NCP_UML,32690
Pradesh_4-Kaski-3-Nepali_Congress,24304
Pradesh_4-Kaski-3-Bibeksheel_Sajha,827
Pradesh_4-Kaski-3-Janasawajbadi_Party,735
Pradesh_4-Kaski-3-NayaSakti,476
Pradesh_4-Kaski-3-Sanghiya_Samajbadi_Forum_Nepal,347
Pradesh_4-Kaski-3-Rastriya_Janamorcha,154
Pradesh_4-Kaski-3-Mangol_National_Org,75
Pradesh_4-Kaski-3-Deshbhakta_Ganatantrik_Morcha,50
Pradesh_4-Kaski-3-Nepal_Dalit_Party,21
Pradesh_4-Kaski-3-Independent,17
Pradesh_4-Tanahun-1-NCP_UML,34492
Pradesh_4-Tanahun-1-Nepali_Congress,27690
Pradesh_4-Tanahun-1-NCP_Maale,1231
Pradesh_4-Tanahun-1-Rastriya_Janamukti_Party,457
Pradesh_4-Tanahun-1-Unified_RPP_Rastrabadi,198
Pradesh_4-Tanahun-1-Rastriya_Janamorcha,67
Pradesh_4-Tanahun-1-Deshbhakta_Ganatantrik_Morcha,53
Pradesh_4-Tanahun-1-Independent,52
Pradesh_4-Tanahun-1-NCP_Maxist,40
Pradesh_4-Tanahun-1-Mangol_National_Org,34
Pradesh_4-Tanahun-1-Independent,17
Pradesh_4-Tanahun-2-NCP_UML,32924
Pradesh_4-Tanahun-2-Nepali_Congress,29645
Pradesh_4-Tanahun-2-NCP_Maale,1168
Pradesh_4-Tanahun-2-Rastriya_Janamukti_Party,800
Pradesh_4-Tanahun-2-NayaSakti,206
Pradesh_4-Tanahun-2-Nepali_Congress_BP,179
Pradesh_4-Tanahun-2-Rastriya_Janamorcha,114
Pradesh_4-Tanahun-2-Mangol_National_Org,93
Pradesh_4-Tanahun-2-Unified_RPP_Rastrabadi,80
Pradesh_4-Tanahun-2-Deshbhakta_Ganatantrik_Morcha,56
Pradesh_4-Synagja-1-NCP_UML,39226
Pradesh_4-Synagja-1-Nepali_Congress,28662
Pradesh_4-Synagja-1-NayaSakti,264
Pradesh_4-Synagja-1-Mangol_National_Org,118
Pradesh_4-Synagja-1-Rastriya_Janamukti_Party,105
Pradesh_4-Synagja-1-Rastriya_Janamorcha,71
Pradesh_4-Synagja-1-Independent,30
Pradesh_4-Synagja-2-NCP_UML,35142
Pradesh_4-Synagja-2-Nepali_Congress,31436
Pradesh_4-Synagja-2-Rastriya_Janamukti_Party,483
Pradesh_4-Synagja-2-Rastriya_Janamorcha,180
Pradesh_4-Synagja-2-Mangol_National_Org,143
Pradesh_4-Synagja-2-Sanghiya_Samajbadi_Forum_Nepal,133
Pradesh_4-Synagja-2-NayaSakti,129
Pradesh_4-Synagja-2-Nepali_Congress_BP,9
Pradesh_4-Nawalpur-1-Nepali_Congress,40620
Pradesh_4-Nawalpur-1-NCP_Maobadi,36596
Pradesh_4-Nawalpur-1-Bibeksheel_Sajha,1082
Pradesh_4-Nawalpur-1-NayaSakti,843
Pradesh_4-Nawalpur-1-Rastriya_Janamukti_Party,711
Pradesh_4-Nawalpur-1-Mangol_National_Org,634
Pradesh_4-Nawalpur-1-Rastriya_Janamorcha,573
Pradesh_4-Nawalpur-1-Deshbhakta_Ganatantrik_Morcha,165
Pradesh_4-Nawalpur-2-NCP_UML,39053
Pradesh_4-Nawalpur-2-Nepali_Congress,37720
Pradesh_4-Nawalpur-2-Rastriya_Janamukti_Party,543
Pradesh_4-Nawalpur-2-Rastriya_Janata_Party,296
Pradesh_4-Nawalpur-2-NayaSakti,278
Pradesh_4-Nawalpur-2-Rastriya_Janamorcha,207
Pradesh_4-Nawalpur-2-Sanghiya_Samajbadi_Forum_Nepal,79
Pradesh_4-Nawalpur-2-Deshbhakta_Ganatantrik_Morcha,69
Pradesh_4-Nawalpur-2-Independent,32
Pradesh_4-Nawalpur-2-Independent,26
Pradesh_4-Nawalpur-2-Independent,25
Pradesh_4-Nawalpur-2-Independent,20
Pradesh_4-Mustang-1-NCP_UML,3544
Pradesh_4-Mustang-1-Nepali_Congress,3181
Pradesh_4-Myagdi-1-NCP_UML,23308
Pradesh_4-Myagdi-1-Nepali_Congress,20980
Pradesh_4-Myagdi-1-Unified_RPP_Rastrabadi,309
Pradesh_4-Myagdi-1-NayaSakti,142
Pradesh_4-Myagdi-1-Mangol_National_Org,113
Pradesh_4-Myagdi-1-Rastriya_Janamorcha,97
Pradesh_4-Myagdi-1-Rastriya_Janamukti_Party,30
Pradesh_4-Baglung-1-NCP_UML,33657
Pradesh_4-Baglung-1-Nepali_Congress,20616
Pradesh_4-Baglung-1-NayaSakti,256
Pradesh_4-Baglung-1-NCP_Maale,212
Pradesh_4-Baglung-1-Sanghiya_Samajbadi_Forum_Nepal,115
Pradesh_4-Baglung-1-Unified_RPP_Rastrabadi,80
Pradesh_4-Baglung-2-NCP_Maobadi,28827
Pradesh_4-Baglung-2-Nepali_Congress,19905
Pradesh_4-Baglung-2-Deshbhakta_Ganatantrik_Morcha,586
Pradesh_4-Baglung-2-Aamul_Paribartan_Masiha,262
Pradesh_4-Baglung-2-Sanghiya_Samajbadi_Forum_Nepal,180
Pradesh_4-Parbat-1-NCP_UML,39275
Pradesh_4-Parbat-1-Nepali_Congress,26819
Pradesh_4-Parbat-1-NCP_Maale,599
Pradesh_4-Parbat-1-Rastriya_Janamukti_Party,255
Pradesh_4-Parbat-1-Rastriya_Janamorcha,234
Pradesh_4-Parbat-1-Deshbhakta_Ganatantrik_Morcha,88
Pradesh_4-Parbat-1-Mangol_National_Org,82
Pradesh_4-Parbat-1-NayaSakti,81
Pradesh_4-Parbat-1-Sanghiya_Samajbadi_Forum_Nepal,59
Pradesh_4-Parbat-1-Unified_RPP_Rastrabadi,36
Pradesh_4-Parbat-1-Gandhibadi_Party_Nepal,36
Pradesh_4-Parbat-1-Independent,7
Pradesh_4-Parbat-1-Independent,6
Pradesh_4-Parbat-1-Independent,5
Pradesh_5-Gulmi-1-NCP_UML,37814
Pradesh_5-Gulmi-1-Nepali_Congress,30256
Pradesh_5-Gulmi-1-Rastriya_Janamorcha,267
Pradesh_5-Gulmi-1-Rastriya_Janamukti_Party,110
Pradesh_5-Gulmi-1-NayaSakti,102
Pradesh_5-Gulmi-1-Deshbhakta_Ganatantrik_Morcha,97
Pradesh_5-Gulmi-1-Mangol_National_Org,92
Pradesh_5-Gulmi-1-Sanghiya_Samajbadi_Forum_Nepal,47
Pradesh_5-Gulmi-1-Independent,40
Pradesh_5-Gulmi-1-Independent,19
Pradesh_5-Gulmi-1-Independent,5
Pradesh_5-Gulmi-2-NCP_UML,34618
Pradesh_5-Gulmi-2-Nepali_Congress,20157
Pradesh_5-Gulmi-2-Rastriya_Janamorcha,453
Pradesh_5-Gulmi-2-NayaSakti,296
Pradesh_5-Gulmi-2-Mangol_National_Org,193
Pradesh_5-Gulmi-2-Sanghiya_Samajbadi_Forum_Nepal,73
Pradesh_5-Gulmi-2-Independent,27
Pradesh_5-Gulmi-2-Independent,22
Pradesh_5-Gulmi-2-Independent,12
Pradesh_5-Palpa-1-NCP_UML,32549
Pradesh_5-Palpa-1-Nepali_Congress,23993
Pradesh_5-Palpa-1-Mangol_National_Org,1086
Pradesh_5-Palpa-1-Rastriya_Janamorcha,226
Pradesh_5-Palpa-1-Rastriya_Janamukti_Party,121
Pradesh_5-Palpa-1-Sanghiya_Samajbadi_Forum_Nepal,76
Pradesh_5-Palpa-1-Independent,31
Pradesh_5-Palpa-1-Independent,26
Pradesh_5-Palpa-1-Deshbhakta_Ganatantrik_Morcha,25
Pradesh_5-Palpa-1-Independent,15
Pradesh_5-Palpa-1-Independent,8
Pradesh_5-Palpa-2-NCP_UML,34899
Pradesh_5-Palpa-2-Nepali_Congress,24554
Pradesh_5-Palpa-2-Mangol_National_Org,1005
Pradesh_5-Palpa-2-Rastriya_Janamukti_Party,794
Pradesh_5-Palpa-2-Rastriya_Janamorcha,569
Pradesh_5-Palpa-2-Unified_RPP_Rastrabadi,145
Pradesh_5-Palpa-2-Independent,81
Pradesh_5-Palpa-2-Sanghiya_Samajbadi_Forum_Nepal,65
Pradesh_5-Palpa-2-NCP_Maxist,19
Pradesh_5-Palpa-2-Independent,11
Pradesh_5-Arghakhaanchi-1-NCP_Maobadi,50837
Pradesh_5-Arghakhaanchi-1-Nepali_Congress,32544
Pradesh_5-Arghakhaanchi-1-NayaSakti,580
Pradesh_5-Arghakhaanchi-1-Bibeksheel_Sajha,480
Pradesh_5-Arghakhaanchi-1-Unified_RPP_Rastrabadi,178
Pradesh_5-Arghakhaanchi-1-Mangol_National_Org,137
Pradesh_5-Arghakhaanchi-1-Independent,136
Pradesh_5-Rupandehi-1-NCP_UML,34752
Pradesh_5-Rupandehi-1-Nepali_Congress,26885
Pradesh_5-Rupandehi-1-Sanghiya_Samajbadi_Forum_Nepal,12764
Pradesh_5-Rupandehi-1-Rastriya_Janamukti_Party,3548
Pradesh_5-Rupandehi-1-Rastriya_Janata_Party,2374
Pradesh_5-Rupandehi-1-Unified_RPP_Rastrabadi,998
Pradesh_5-Rupandehi-1-Bahujan_Shakti_Party,582
Pradesh_5-Rupandehi-1-Mangol_National_Org,288
Pradesh_5-Rupandehi-1-Rastriya_Janamorcha,166
Pradesh_5-Rupandehi-1-Deshbhakta_Ganatantrik_Morcha,101
Pradesh_5-Rupandehi-1-NCP_Maxist,94
Pradesh_5-Rupandehi-1-Independent,46
Pradesh_5-Rupandehi-1-Independent,31
Pradesh_5-Rupandehi-1-Independent,25
Pradesh_5-Rupandehi-1-Independent,20
Pradesh_5-Rupandehi-2-NCP_UML,44009
Pradesh_5-Rupandehi-2-Nepali_Congress,21946
Pradesh_5-Rupandehi-2-Rastriya_Janamukti_Party,3568
Pradesh_5-Rupandehi-2-Bibeksheel_Sajha,1323
Pradesh_5-Rupandehi-2-Sanghiya_Samajbadi_Forum_Nepal,435
Pradesh_5-Rupandehi-2-NayaSakti,411
Pradesh_5-Rupandehi-2-Rastriya_Janamorcha,377
Pradesh_5-Rupandehi-2-Deshbhakta_Ganatantrik_Morcha,160
Pradesh_5-Rupandehi-2-Unified_RPP_Rastrabadi,120
Pradesh_5-Rupandehi-2-Nepal_Majdur_Kisaan_Party,57
Pradesh_5-Rupandehi-2-Independent,21
Pradesh_5-Rupandehi-2-Independent,14
Pradesh_5-Rupandehi-2-Independent,13
Pradesh_5-Rupandehi-2-Independent,11
Pradesh_5-Rupandehi-2-Independent,6
Pradesh_5-Rupandehi-2-Independent,3
Pradesh_5-Rupandehi-3-NCP_UML,32866
Pradesh_5-Rupandehi-3-RPP_Democratic,27422
Pradesh_5-Rupandehi-3-Sanghiya_Samajbadi_Forum_Nepal,12536
Pradesh_5-Rupandehi-3-Rastriya_Janamukti_Party,2409
Pradesh_5-Rupandehi-3-Unified_RPP_Rastrabadi,1856
Pradesh_5-Rupandehi-3-Bibeksheel_Sajha,746
Pradesh_5-Rupandehi-3-Independent,490
Pradesh_5-Rupandehi-3-Independent,457
Pradesh_5-Rupandehi-3-NayaSakti,343
Pradesh_5-Rupandehi-3-Deshbhakta_Ganatantrik_Morcha,275
Pradesh_5-Rupandehi-3-Independent,151
Pradesh_5-Rupandehi-3-Rastriya_Janamorcha,135
Pradesh_5-Rupandehi-3-Nepali_Congress_BP,93
Pradesh_5-Rupandehi-3-Nepal_Yuba_Kisaan_Party,55
Pradesh_5-Rupandehi-3-Independent,36
Pradesh_5-Rupandehi-3-Independent,31
Pradesh_5-Rupandehi-3-Independent,27
Pradesh_5-Rupandehi-3-Independent,20
Pradesh_5-Rupandehi-3-Independent,16
Pradesh_5-Rupandehi-3-Independent,12
Pradesh_5-Rupandehi-3-Independent,7
Pradesh_5-Rupandehi-4-Nepali_Congress,31718
Pradesh_5-Rupandehi-4-Rastriya_Janata_Party,20416
Pradesh_5-Rupandehi-4-NCP_UML,4079
Pradesh_5-Rupandehi-4-Sanghiya_Samajbadi_Forum_Nepal,2306
Pradesh_5-Rupandehi-4-Nepal_Janata_Party,748
Pradesh_5-Rupandehi-4-Nepal_Yuba_Kisaan_Party,491
Pradesh_5-Rupandehi-4-Deshbhakta_Loktantrik_Party,249
Pradesh_5-Rupandehi-4-Unified_RPP_Rastrabadi,220
Pradesh_5-Rupandehi-4-Rastriya_Janamukti_Party,217
Pradesh_5-Rupandehi-4-Deshbhakta_Ganatantrik_Morcha,135
Pradesh_5-Rupandehi-4-Independent,128
Pradesh_5-Rupandehi-4-NCP_Maxist,94
Pradesh_5-Rupandehi-4-Independent,90
Pradesh_5-Rupandehi-4-Independent,49
Pradesh_5-Rupandehi-4-Independent,42
Pradesh_5-Rupandehi-4-Independent,28
Pradesh_5-Rupandehi-5-Nepali_Congress,33088
Pradesh_5-Rupandehi-5-NCP_Maobadi,20438
Pradesh_5-Rupandehi-5-Sanghiya_Samajbadi_Forum_Nepal,14121
Pradesh_5-Rupandehi-5-NCP_Maale,1879
Pradesh_5-Rupandehi-5-Rastriya_Janamukti_Party,1657
Pradesh_5-Rupandehi-5-Rastriya_Janata_Party,1337
Pradesh_5-Rupandehi-5-Rastriya_Janamorcha,454
Pradesh_5-Rupandehi-5-Nepal_Yuba_Kisaan_Party,361
Pradesh_5-Rupandehi-5-Deshbhakta_Ganatantrik_Morcha,216
Pradesh_5-Rupandehi-5-Mangol_National_Org,172
Pradesh_5-Rupandehi-5-Unified_RPP_Rastrabadi,127
Pradesh_5-Rupandehi-5-NayaSakti,95
Pradesh_5-Rupandehi-5-NCP_Maxist,73
Pradesh_5-Rupandehi-5-Nepal_Majdur_Kisaan_Party,59
Pradesh_5-Rupandehi-5-Independent,45
Pradesh_5-Rupandehi-5-Independent,38
Pradesh_5-Rupandehi-5-Independent,35
Pradesh_5-Rupandehi-5-Independent,33
Pradesh_5-Rupandehi-5-Independent,31
Pradesh_5-Kapilbastu-1-NCP_Maobadi,29799
Pradesh_5-Kapilbastu-1-Nepali_Congress,28853
Pradesh_5-Kapilbastu-1-Sanghiya_Samajbadi_Forum_Nepal,11812
Pradesh_5-Kapilbastu-1-NayaSakti,4689
Pradesh_5-Kapilbastu-1-Janasawajbadi_Party,2346
Pradesh_5-Kapilbastu-1-Rastriya_Janamukti_Party,822
Pradesh_5-Kapilbastu-1-Nepal_Loktantrik_Janata_Congress,815
Pradesh_5-Kapilbastu-1-Rastriya_Janamorcha,717
Pradesh_5-Kapilbastu-1-Nepal_Janata_Party,337
Pradesh_5-Kapilbastu-1-Deshbhakta_Ganatantrik_Morcha,284
Pradesh_5-Kapilbastu-1-Nepal_Yuba_Kisaan_Party,126
Pradesh_5-Kapilbastu-1-Independent,102
Pradesh_5-Kapilbastu-1-Independent,89
Pradesh_5-Kapilbastu-1-Independent,76
Pradesh_5-Kapilbastu-1-Independent,58
Pradesh_5-Kapilbastu-1-Independent,32
Pradesh_5-Kapilbastu-1-Independent,30
Pradesh_5-Kapilbastu-2-NCP_UML,35147
Pradesh_5-Kapilbastu-2-Nepali_Congress,31566
Pradesh_5-Kapilbastu-2-Rastriya_Janata_Party,2048
Pradesh_5-Kapilbastu-2-Sanghiya_Samajbadi_Forum_Nepal,1774
Pradesh_5-Kapilbastu-2-Janasawajbadi_Party,400
Pradesh_5-Kapilbastu-2-Rastriya_Janamorcha,242
Pradesh_5-Kapilbastu-2-Independent,239
Pradesh_5-Kapilbastu-2-NayaSakti,132
Pradesh_5-Kapilbastu-2-Unified_RPP_Rastrabadi,96
Pradesh_5-Kapilbastu-2-Rastriya_Janamukti_Party,84
Pradesh_5-Kapilbastu-2-Mangol_National_Org,76
Pradesh_5-Kapilbastu-2-Deshbhakta_Ganatantrik_Morcha,52
Pradesh_5-Kapilbastu-2-Independent,24
Pradesh_5-Kapilbastu-2-Independent,18
Pradesh_5-Kapilbastu-2-Independent,16
Pradesh_5-Kapilbastu-3-Nepali_Congress,20001
Pradesh_5-Kapilbastu-3-Sanghiya_Samajbadi_Forum_Nepal,15826
Pradesh_5-Kapilbastu-3-NCP_UML,14330
Pradesh_5-Kapilbastu-3-Bahujan_Shakti_Party,4999
Pradesh_5-Kapilbastu-3-Rastriya_Janata_Party,4987
Pradesh_5-Kapilbastu-3-Nepal_Sanghiya_Samajbadi_Party,1073
Pradesh_5-Kapilbastu-3-NCP_Maale,645
Pradesh_5-Kapilbastu-3-Rastriya_Janamorcha,450
Pradesh_5-Kapilbastu-3-Deshbhakta_Ganatantrik_Morcha,267
Pradesh_5-Kapilbastu-3-NayaSakti,243
Pradesh_5-Kapilbastu-3-Mangol_National_Org,227
Pradesh_5-Kapilbastu-3-Gandhibadi_Party_Nepal,178
Pradesh_5-Kapilbastu-3-Independent,140
Pradesh_5-Kapilbastu-3-Independent,48
Pradesh_5-Kapilbastu-3-Independent,47
Pradesh_5-Kapilbastu-3-Independent,38
Pradesh_5-Kapilbastu-3-Independent,38
Pradesh_5-Kapilbastu-3-Independent,37
Pradesh_5-Kapilbastu-3-Independent,19
Pradesh_5-Kapilbastu-3-Independent,19
Pradesh_5-Kapilbastu-3-Independent,13
Pradesh_5-Kapilbastu-3-Independent,12
Pradesh_5-East Rukum-1-NCP_Maobadi,10434
Pradesh_5-East Rukum-1-Nepali_Congress,4406
Pradesh_5-East Rukum-1-NayaSakti,1489
Pradesh_5-East Rukum-1-NCP_Maale,487
Pradesh_5-East Rukum-1-Mangol_National_Org,58
Pradesh_5-East Rukum-1-Rastriya_Janamorcha,52
Pradesh_5-Rolpa-1-NCP_Maobadi,42084
Pradesh_5-Rolpa-1-Nepali_Congress,20337
Pradesh_5-Rolpa-1-Unified_RPP_Rastrabadi,1191
Pradesh_5-Rolpa-1-Rastriya_Janamorcha,656
Pradesh_5-Rolpa-1-Mangol_National_Org,305
Pradesh_5-Rolpa-1-Deshbhakta_Ganatantrik_Morcha,286
Pradesh_5-Rolpa-1-Sanghiya_Samajbadi_Forum_Nepal,276
Pradesh_5-Rolpa-1-Rastriya_Janamukti_Party,161
Pradesh_5-Pyuthan-1-Rastriya_Janamorcha,47514
Pradesh_5-Pyuthan-1-Nepali_Congress,31286
Pradesh_5-Pyuthan-1-NCP_Maale,2565
Pradesh_5-Pyuthan-1-Deshbhakta_Ganatantrik_Morcha,478
Pradesh_5-Pyuthan-1-NayaSakti,461
Pradesh_5-Pyuthan-1-Unified_RPP_Rastrabadi,255
Pradesh_5-Pyuthan-1-Mangol_National_Org,87
Pradesh_5-Dang-1-NCP_UML,37908
Pradesh_5-Dang-1-Nepali_Congress,24074
Pradesh_5-Dang-1-Rastriya_Janamorcha,3784
Pradesh_5-Dang-1-NCP_Maale,2012
Pradesh_5-Dang-1-Sanghiya_Samajbadi_Forum_Nepal,573
Pradesh_5-Dang-1-Nepali_Congress_BP,442
Pradesh_5-Dang-1-NayaSakti,401
Pradesh_5-Dang-1-Independent,265
Pradesh_5-Dang-1-Sanghiya_Khumbuban,85
Pradesh_5-Dang-1-Independent,20
Pradesh_5-Dang-1-Independent,16
Pradesh_5-Dang-2-NCP_Maobadi,40042
Pradesh_5-Dang-2-Nepali_Congress,25897
Pradesh_5-Dang-2-NCP_Maale,2204
Pradesh_5-Dang-2-Rastriya_Janamorcha,529
Pradesh_5-Dang-2-NayaSakti,286
Pradesh_5-Dang-2-Rastriya_Janamukti_Party,229
Pradesh_5-Dang-2-Sanghiya_Khumbuban,124
Pradesh_5-Dang-2-Independent,98
Pradesh_5-Dang-2-Mangol_National_Org,76
Pradesh_5-Dang-3-NCP_UML,40287
Pradesh_5-Dang-3-Nepali_Congress,33730
Pradesh_5-Dang-3-NCP_Maale,1409
Pradesh_5-Dang-3-Rastriya_Janamorcha,540
Pradesh_5-Dang-3-NayaSakti,272
Pradesh_5-Dang-3-Deshbhakta_Ganatantrik_Morcha,154
Pradesh_5-Dang-3-Independent,48
Pradesh_5-Dang-3-Sanghiya_Khumbuban,27
Pradesh_5-Dang-3-Independent,26
Pradesh_5-Dang-3-Independent,13
Pradesh_5-Banke-1-NCP_Maobadi,31173
Pradesh_5-Banke-1-Nepali_Congress,28217
Pradesh_5-Banke-1-Sanghiya_Samajbadi_Forum_Nepal,4588
Pradesh_5-Banke-1-Unified_RPP_Rastrabadi,626
Pradesh_5-Banke-1-Bibeksheel_Sajha,393
Pradesh_5-Banke-1-NayaSakti,381
Pradesh_5-Banke-1-Rastriya_Janamorcha,334
Pradesh_5-Banke-1-Nepal_Majdur_Kisaan_Party,210
Pradesh_5-Banke-1-Rastriya_Janamukti_Party,175
Pradesh_5-Banke-1-Deshbhakta_Ganatantrik_Morcha,146
Pradesh_5-Banke-2-Sanghiya_Samajbadi_Forum_Nepal,21575
Pradesh_5-Banke-2-NCP_UML,15951
Pradesh_5-Banke-2-RPP,11622
Pradesh_5-Banke-2-Rastriya_Janata_Party,1497
Pradesh_5-Banke-2-Janasawajbadi_Party,683
Pradesh_5-Banke-2-Unified_RPP_Rastrabadi,679
Pradesh_5-Banke-2-Bibeksheel_Sajha,620
Pradesh_5-Banke-2-Independent,485
Pradesh_5-Banke-2-NayaSakti,282
Pradesh_5-Banke-2-Independent,198
Pradesh_5-Banke-2-Rastriya_Janamorcha,189
Pradesh_5-Banke-2-Nepal_Sanghiya_Samajbadi_Party,174
Pradesh_5-Banke-2-Deshbhakta_Ganatantrik_Morcha,114
Pradesh_5-Banke-2-Nepal_Majdur_Kisaan_Party,74
Pradesh_5-Banke-2-Rastriya_Janamukti_Party,74
Pradesh_5-Banke-2-Independent,31
Pradesh_5-Banke-2-Independent,25
Pradesh_5-Banke-3-NCP_UML,31601
Pradesh_5-Banke-3-Nepali_Congress,26617
Pradesh_5-Banke-3-Sanghiya_Samajbadi_Forum_Nepal,2737
Pradesh_5-Banke-3-Rastriya_Janata_Party,1711
Pradesh_5-Banke-3-Rastriya_Janamorcha,340
Pradesh_5-Banke-3-Deshbhakta_Ganatantrik_Morcha,227
Pradesh_5-Banke-3-NayaSakti,205
Pradesh_5-Banke-3-Nepal_Majdur_Kisaan_Party,125
Pradesh_5-Bardiya-1-Nepali_Congress,44829
Pradesh_5-Bardiya-1-NCP_UML,44076
Pradesh_5-Bardiya-1-NCP_Maale,2372
Pradesh_5-Bardiya-1-Sanghiya_Samajbadi_Forum_Nepal,697
Pradesh_5-Bardiya-1-NayaSakti,455
Pradesh_5-Bardiya-1-Unified_RPP_Rastrabadi,249
Pradesh_5-Bardiya-1-Nepal_Dalit_Party,206
Pradesh_5-Bardiya-1-Rastriya_Janamorcha,163
Pradesh_5-Bardiya-1-Nepal_Majdur_Kisaan_Party,128
Pradesh_5-Bardiya-1-Bibeksheel_Sajha,118
Pradesh_5-Bardiya-1-Independent,99
Pradesh_5-Bardiya-1-Deshbhakta_Ganatantrik_Morcha,70
Pradesh_5-Bardiya-1-Rastriya_Janamukti_Party,43
Pradesh_5-Bardiya-2-NCP_Maobadi,50555
Pradesh_5-Bardiya-2-Nepali_Congress,36735
Pradesh_5-Bardiya-2-NayaSakti,456
Pradesh_5-Bardiya-2-Sanghiya_Samajbadi_Forum_Nepal,227
Pradesh_5-Bardiya-2-Rastriya_Janamorcha,197
Pradesh_5-Bardiya-2-Deshbhakta_Ganatantrik_Morcha,162
Pradesh_5-Bardiya-2-Nepal_Majdur_Kisaan_Party,145
Pradesh_5-Bardiya-2-Nepal_Dalit_Party,123
Pradesh_5-Parasi-1-NCP_UML,38592
Pradesh_5-Parasi-1-Nepali_Congress,33591
Pradesh_5-Parasi-1-Rastriya_Janamukti_Party,1193
Pradesh_5-Parasi-1-Rastriya_Janata_Party,907
Pradesh_5-Parasi-1-Bibeksheel_Sajha,374
Pradesh_5-Parasi-1-Sanghiya_Samajbadi_Forum_Nepal,317
Pradesh_5-Parasi-1-Independent,229
Pradesh_5-Parasi-1-Deshbhakta_Ganatantrik_Morcha,156
Pradesh_5-Parasi-1-NayaSakti,142
Pradesh_5-Parasi-1-Rastriya_Janamorcha,113
Pradesh_5-Parasi-1-Bahujan_Samaj,73
Pradesh_5-Parasi-1-Independent,35
Pradesh_5-Parasi-1-Independent,33
Pradesh_5-Parasi-1-Independent,18
Pradesh_5-Parasi-1-Independent,9
Pradesh_5-Parasi-2-Nepali_Congress,34130
Pradesh_5-Parasi-2-NCP_Maobadi,23898
Pradesh_5-Parasi-2-Rastriya_Janata_Party,16928
Pradesh_5-Parasi-2-Sanghiya_Samajbadi_Forum_Nepal,1136
Pradesh_5-Parasi-2-NayaSakti,641
Pradesh_5-Parasi-2-Rastriya_Janamukti_Party,562
Pradesh_5-Parasi-2-Bahujan_Shakti_Party,235
Pradesh_5-Parasi-2-Rastriya_Janamorcha,213
Pradesh_5-Parasi-2-Deshbhakta_Ganatantrik_Morcha,103
Pradesh_5-Parasi-2-Deshbhakta_Loktantrik_Party,35
Pradesh_5-Parasi-2-Independent,35
Pradesh_6-Salyan-1-NCP_Maobadi,40897
Pradesh_6-Salyan-1-Nepali_Congress,29767
Pradesh_6-Salyan-1-Independent,2921
Pradesh_6-Salyan-1-NCP_Maale,2292
Pradesh_6-Salyan-1-Unified_RPP_Rastrabadi,637
Pradesh_6-Salyan-1-Rastriya_Janamukti_Party,539
Pradesh_6-Salyan-1-NayaSakti,380
Pradesh_6-Salyan-1-Rastriya_Janamorcha,282
Pradesh_6-Dolpa-1-NCP_UML,11761
Pradesh_6-Dolpa-1-Nepali_Congress,3167
Pradesh_6-Dolpa-1-NCP_Maale,299
Pradesh_6-Dolpa-1-Rastriya_Janamukti_Party,22
Pradesh_6-Mugu-1-NCP_UML,13034
Pradesh_6-Mugu-1-Nepali_Congress,9861
Pradesh_6-Mugu-1-NayaSakti,99
Pradesh_6-Jumla-1-NCP_Maobadi,22173
Pradesh_6-Jumla-1-Nepali_Congress,14149
Pradesh_6-Jumla-1-Nepal_Majdur_Kisaan_Party,2718
Pradesh_6-Jumla-1-Unified_RPP_Rastrabadi,380
Pradesh_6-Jumla-1-Sanghiya_Samajbadi_Forum_Nepal,159
Pradesh_6-Jumla-1-Independent,152
Pradesh_6-Kalikot-1-NCP_Maobadi,21112
Pradesh_6-Kalikot-1-Nepali_Congress,16407
Pradesh_6-Kalikot-1-Nepal_Majdur_Kisaan_Party,878
Pradesh_6-Kalikot-1-NCP_Maale,674
Pradesh_6-Kalikot-1-Rastriya_Janamorcha,238
Pradesh_6-Kalikot-1-Rastriya_Janata_Party,126
Pradesh_6-Kalikot-1-Deshbhakta_Ganatantrik_Morcha,121
Pradesh_6-Kalikot-1-NayaSakti,114
Pradesh_6-Humla-1-Independent,8491
Pradesh_6-Humla-1-Nepali_Congress,8444
Pradesh_6-Humla-1-NCP_Maobadi,2856
Pradesh_6-Humla-1-Janasawajbadi_Party,409
Pradesh_6-Humla-1-NayaSakti,382
Pradesh_6-Humla-1-Sanghiya_Samajbadi_Forum_Nepal,166
Pradesh_6-Humla-1-Unified_RPP_Rastrabadi,85
Pradesh_6-Jajarkot-1-NCP_Maobadi,32281
Pradesh_6-Jajarkot-1-Nepali_Congress,23289
Pradesh_6-Jajarkot-1-Unified_RPP_Rastrabadi,638
Pradesh_6-Jajarkot-1-Sanghiya_Samajbadi_Forum_Nepal,335
Pradesh_6-Jajarkot-1-NayaSakti,281
Pradesh_6-Dailekh-1-NCP_UML,23773
Pradesh_6-Dailekh-1-RPP,17252
Pradesh_6-Dailekh-1-Nepal_Majdur_Kisaan_Party,534
Pradesh_6-Dailekh-1-Unified_RPP_Rastrabadi,346
Pradesh_6-Dailekh-1-Rastriya_Janamorcha,317
Pradesh_6-Dailekh-1-Independent,315
Pradesh_6-Dailekh-1-NayaSakti,156
Pradesh_6-Dailekh-1-Deshbhakta_Ganatantrik_Morcha,137
Pradesh_6-Dailekh-2-NCP_UML,23323
Pradesh_6-Dailekh-2-Nepali_Congress,16634
Pradesh_6-Dailekh-2-Nepal_Majdur_Kisaan_Party,2647
Pradesh_6-Dailekh-2-Deshbhakta_Ganatantrik_Morcha,687
Pradesh_6-Dailekh-2-Rastriya_Janamorcha,433
Pradesh_6-Dailekh-2-NayaSakti,238
Pradesh_6-Dailekh-2-Bibeksheel_Sajha,97
Pradesh_6-Surkhet-1-NCP_UML,36759
Pradesh_6-Surkhet-1-Nepali_Congress,33377
Pradesh_6-Surkhet-1-Sanghiya_Samajbadi_Forum_Nepal,291
Pradesh_6-Surkhet-1-Rastriya_Janamorcha,290
Pradesh_6-Surkhet-1-Unified_RPP_Rastrabadi,139
Pradesh_6-Surkhet-1-NayaSakti,137
Pradesh_6-Surkhet-1-Mangol_National_Org,72
Pradesh_6-Surkhet-1-Nepal_Majdur_Kisaan_Party,52
Pradesh_6-Surkhet-1-Bibeksheel_Sajha,36
Pradesh_6-Surkhet-2-NCP_UML,37447
Pradesh_6-Surkhet-2-Nepali_Congress,28646
Pradesh_6-Surkhet-2-Mangol_National_Org,799
Pradesh_6-Surkhet-2-Bibeksheel_Sajha,740
Pradesh_6-Surkhet-2-Unified_RPP_Rastrabadi,426
Pradesh_6-Surkhet-2-NayaSakti,303
Pradesh_6-Surkhet-2-Rastriya_Janamorcha,254
Pradesh_6-Surkhet-2-Nepal_Majdur_Kisaan_Party,251
Pradesh_6-Surkhet-2-Deshbhakta_Ganatantrik_Morcha,77
Pradesh_6-Surkhet-2-Nepal_Dalit_Party,47
Pradesh_6-West Rukum-1-NCP_Maobadi,34402
Pradesh_6-West Rukum-1-Nepali_Congress,15659
Pradesh_6-West Rukum-1-NCP_Maale,783
Pradesh_6-West Rukum-1-NayaSakti,624
Pradesh_6-West Rukum-1-Sanghiya_Samajbadi_Forum_Nepal,256
Pradesh_6-West Rukum-1-Rastriya_Janamorcha,191
Pradesh_7-Bajura-1-NCP_UML,28065
Pradesh_7-Bajura-1-Nepali_Congress,23181
Pradesh_7-Bajura-1-NayaSakti,465
Pradesh_7-Accham-1-NCP_UML,24893
Pradesh_7-Accham-1-Nepali_Congress,17689
Pradesh_7-Accham-2-NCP_UML,21965
Pradesh_7-Accham-2-Nepali_Congress,19106
Pradesh_7-Accham-2-Nepal_Majdur_Kisaan_Party,173
Pradesh_7-Bajhang-1-NCP_UML,34602
Pradesh_7-Bajhang-1-Nepali_Congress,26910
Pradesh_7-Bajhang-1-Sanghiya_Samajbadi_Forum_Nepal,527
Pradesh_7-Bajhang-1-Bibeksheel_Sajha,497
Pradesh_7-Bajhang-1-NayaSakti,454
Pradesh_7-Bajhang-1-Deshbhakta_Ganatantrik_Morcha,291
Pradesh_7-Bajhang-1-Rastriya_Janamorcha,51
Pradesh_7-Doti-1-NCP_UML,32510
Pradesh_7-Doti-1-Nepali_Congress,30878
Pradesh_7-Doti-1-Rastriya_Janamorcha,672
Pradesh_7-Doti-1-Sanghiya_Samajbadi_Forum_Nepal,574
Pradesh_7-Doti-1-Bibeksheel_Sajha,303
Pradesh_7-Doti-1-Nepal_Dalit_Party,176
Pradesh_7-Kailali-1-Rastriya_Janata_Party,34341
Pradesh_7-Kailali-1-NCP_UML,13406
Pradesh_7-Kailali-1-Nepali_Congress,11203
Pradesh_7-Kailali-1-Sanghiya_Samajbadi_Forum_Nepal,678
Pradesh_7-Kailali-1-NayaSakti,335
Pradesh_7-Kailali-1-Bibeksheel_Sajha,240
Pradesh_7-Kailali-1-Deshbhakta_Ganatantrik_Morcha,121
Pradesh_7-Kailali-1-Rastriya_Janamorcha,103
Pradesh_7-Kailali-1-Independent,88
Pradesh_7-Kailali-1-Nepal_Dalit_Party,80
Pradesh_7-Kailali-1-Nepal_Majdur_Kisaan_Party,68
Pradesh_7-Kailali-1-Independent,28
Pradesh_7-Kailali-2-NCP_UML,25157
Pradesh_7-Kailali-2-Nepali_Congress,23313
Pradesh_7-Kailali-2-Rastriya_Janata_Party,5967
Pradesh_7-Kailali-2-NayaSakti,444
Pradesh_7-Kailali-2-Nepal_Majdur_Kisaan_Party,299
Pradesh_7-Kailali-2-Rastriya_Janamorcha,109
Pradesh_7-Kailali-3-NCP_Maobadi,24879
Pradesh_7-Kailali-3-Nepali_Congress,20494
Pradesh_7-Kailali-3-Rastriya_Janata_Party,4044
Pradesh_7-Kailali-3-NCP_Maale,3255
Pradesh_7-Kailali-3-NayaSakti,1917
Pradesh_7-Kailali-3-Unified_RPP_Rastrabadi,1197
Pradesh_7-Kailali-3-Sanghiya_Samajbadi_Forum_Nepal,822
Pradesh_7-Kailali-3-Bibeksheel_Sajha,390
Pradesh_7-Kailali-3-Rastriya_Janamorcha,244
Pradesh_7-Kailali-4-NCP_Maobadi,31359
Pradesh_7-Kailali-4-Nepali_Congress,20960
Pradesh_7-Kailali-4-Independent,3173
Pradesh_7-Kailali-4-Rastriya_Janamorcha,1107
Pradesh_7-Kailali-4-Bibeksheel_Sajha,711
Pradesh_7-Kailali-4-NayaSakti,448
Pradesh_7-Kailali-4-Deshbhakta_Ganatantrik_Morcha,302
Pradesh_7-Kailali-5-NCP_UML,27202
Pradesh_7-Kailali-5-Nepali_Congress,22322
Pradesh_7-Kailali-5-Rastriya_Janata_Party,6747
Pradesh_7-Kailali-5-Bibeksheel_Sajha,2722
Pradesh_7-Kailali-5-Rastriya_Janamorcha,245
Pradesh_7-Kailali-5-Sanghiya_Samajbadi_Forum_Nepal,203
Pradesh_7-Kailali-5-Nepal_Majdur_Kisaan_Party,63
Pradesh_7-Kailali-5-Deshbhakta_Ganatantrik_Morcha,60
Pradesh_7-Kailali-5-Rastriya_Janamukti_Party,50
Pradesh_7-Darchula-1-NCP_UML,28998
Pradesh_7-Darchula-1-Nepali_Congress,22233
Pradesh_7-Darchula-1-Janasawajbadi_Party,610
Pradesh_7-Darchula-1-NayaSakti,308
Pradesh_7-Darchula-1-Rastriya_Janamorcha,51
Pradesh_7-Baitadi-1-NCP_UML,39524
Pradesh_7-Baitadi-1-Nepali_Congress,28291
Pradesh_7-Baitadi-1-Unified_RPP_Rastrabadi,538
Pradesh_7-Baitadi-1-Bibeksheel_Sajha,467
Pradesh_7-Baitadi-1-Rastriya_Janamorcha,302
Pradesh_7-Dadeldhura-1-Nepali_Congress,28446
Pradesh_7-Dadeldhura-1-NCP_Maobadi,21498
Pradesh_7-Dadeldhura-1-Rastriya_Mukti_Andolan_Nepal,857
Pradesh_7-Dadeldhura-1-Independent,140
Pradesh_7-Dadeldhura-1-Rastriya_Janamorcha,103
Pradesh_7-Dadeldhura-1-Nepal_Dalit_Party,83
Pradesh_7-Kanchanpur-1-NCP_Maobadi,38467
Pradesh_7-Kanchanpur-1-Nepali_Congress,19219
Pradesh_7-Kanchanpur-1-Rastriya_Janamorcha,871
Pradesh_7-Kanchanpur-1-Rastriya_Janata_Party,690
Pradesh_7-Kanchanpur-1-Bibeksheel_Sajha,480
Pradesh_7-Kanchanpur-1-NayaSakti,297
Pradesh_7-Kanchanpur-1-Sanghiya_Samajbadi_Forum_Nepal,124
Pradesh_7-Kanchanpur-1-Independent,78
Pradesh_7-Kanchanpur-1-Independent,37
Pradesh_7-Kanchanpur-2-NCP_UML,33220
Pradesh_7-Kanchanpur-2-Nepali_Congress,24893
Pradesh_7-Kanchanpur-2-Deshbhakta_Ganatantrik_Morcha,459
Pradesh_7-Kanchanpur-2-Rastriya_Janamorcha,303
Pradesh_7-Kanchanpur-2-Bibeksheel_Sajha,280
Pradesh_7-Kanchanpur-2-Rastriya_Janata_Party,264
Pradesh_7-Kanchanpur-2-Nepal_Dalit_Party,66
Pradesh_7-Kanchanpur-2-Nepali_Congress_BP,39
Pradesh_7-Kanchanpur-3-NCP_UML,26364
Pradesh_7-Kanchanpur-3-Nepali_Congress,26106
Pradesh_7-Kanchanpur-3-Bibeksheel_Sajha,303
Pradesh_7-Kanchanpur-3-NayaSakti,210
Pradesh_7-Kanchanpur-3-Rastriya_Janata_Party,196
Pradesh_7-Kanchanpur-3-Rastriya_Janamorcha,171
Pradesh_7-Kanchanpur-3-Sanghiya_Samajbadi_Forum_Nepal,101
Pradesh_7-Kanchanpur-3-Nepal_Dalit_Party,39
Pradesh_7-Kanchanpur-3-Independent,39
